Copyright 1986-2022 Xilinx, Inc. All Rights Reserved. Copyright 2022-2023 Advanced Micro Devices, Inc. All Rights Reserved.
------------------------------------------------------------------------------------------------------------------------------------------------------------------------------------------------------------------
| Tool Version : Vivado v.2023.2 (win64) Build 4029153 Fri Oct 13 20:14:34 MDT 2023
| Date         : Tue Sep  8 15:16:49 2026
| Host         : Shanti_PC running 64-bit major release  (build 9200)
| Command      : report_timing_summary -max_paths 10 -report_unconstrained -file rgb_top_timing_summary_routed.rpt -pb rgb_top_timing_summary_routed.pb -rpx rgb_top_timing_summary_routed.rpx -warn_on_violation
| Design       : rgb_top
| Device       : 7z020-clg400
| Speed File   : -1  PRODUCTION 1.12 2019-11-22
| Design State : Routed
------------------------------------------------------------------------------------------------------------------------------------------------------------------------------------------------------------------

Timing Summary Report

------------------------------------------------------------------------------------------------
| Timer Settings
| --------------
------------------------------------------------------------------------------------------------

  Enable Multi Corner Analysis               :  Yes
  Enable Pessimism Removal                   :  Yes
  Pessimism Removal Resolution               :  Nearest Common Node
  Enable Input Delay Default Clock           :  No
  Enable Preset / Clear Arcs                 :  No
  Disable Flight Delays                      :  No
  Ignore I/O Paths                           :  No
  Timing Early Launch at Borrowing Latches   :  No
  Borrow Time for Max Delay Exceptions       :  Yes
  Merge Timing Exceptions                    :  Yes
  Inter-SLR Compensation                     :  Conservative

  Corner  Analyze    Analyze    
  Name    Max Paths  Min Paths  
  ------  ---------  ---------  
  Slow    Yes        Yes        
  Fast    Yes        Yes        


------------------------------------------------------------------------------------------------
| Report Methodology
| ------------------
------------------------------------------------------------------------------------------------

Rule       Severity  Description                    Violations  
---------  --------  -----------------------------  ----------  
TIMING-18  Warning   Missing input or output delay  7           

Note: This report is based on the most recent report_methodology run and may not be up-to-date. Run report_methodology on the current design for the latest report.



check_timing report

Table of Contents
-----------------
1. checking no_clock (0)
2. checking constant_clock (0)
3. checking pulse_width_clock (0)
4. checking unconstrained_internal_endpoints (0)
5. checking no_input_delay (4)
6. checking no_output_delay (3)
7. checking multiple_clock (0)
8. checking generated_clocks (0)
9. checking loops (0)
10. checking partial_input_delay (0)
11. checking partial_output_delay (0)
12. checking latch_loops (0)

1. checking no_clock (0)
------------------------
 There are 0 register/latch pins with no clock.


2. checking constant_clock (0)
------------------------------
 There are 0 register/latch pins with constant_clock.


3. checking pulse_width_clock (0)
---------------------------------
 There are 0 register/latch pins which need pulse_width check


4. checking unconstrained_internal_endpoints (0)
------------------------------------------------
 There are 0 pins that are not constrained for maximum delay.

 There are 0 pins that are not constrained for maximum delay due to constant clock.


5. checking no_input_delay (4)
------------------------------
 There are 4 input ports with no input delay specified. (HIGH)

 There are 0 input ports with no input delay but user has a false path constraint.


6. checking no_output_delay (3)
-------------------------------
 There are 3 ports with no output delay specified. (HIGH)

 There are 0 ports with no output delay but user has a false path constraint

 There are 0 ports with no output delay but with a timing clock defined on it or propagating through it


7. checking multiple_clock (0)
------------------------------
 There are 0 register/latch pins with multiple clocks.


8. checking generated_clocks (0)
--------------------------------
 There are 0 generated clocks that are not connected to a clock source.


9. checking loops (0)
---------------------
 There are 0 combinational loops in the design.


10. checking partial_input_delay (0)
------------------------------------
 There are 0 input ports with partial input delay specified.


11. checking partial_output_delay (0)
-------------------------------------
 There are 0 ports with partial output delay specified.


12. checking latch_loops (0)
----------------------------
 There are 0 combinational latch loops in the design through latch input



------------------------------------------------------------------------------------------------
| Design Timing Summary
| ---------------------
------------------------------------------------------------------------------------------------

    WNS(ns)      TNS(ns)  TNS Failing Endpoints  TNS Total Endpoints      WHS(ns)      THS(ns)  THS Failing Endpoints  THS Total Endpoints     WPWS(ns)     TPWS(ns)  TPWS Failing Endpoints  TPWS Total Endpoints  
    -------      -------  ---------------------  -------------------      -------      -------  ---------------------  -------------------     --------     --------  ----------------------  --------------------  
      3.184        0.000                      0                   53        0.265        0.000                      0                   53        3.500        0.000                       0                    28  


All user specified timing constraints are met.


------------------------------------------------------------------------------------------------
| Clock Summary
| -------------
------------------------------------------------------------------------------------------------

Clock        Waveform(ns)         Period(ns)      Frequency(MHz)
-----        ------------         ----------      --------------
sys_clk_pin  {0.000 4.000}        8.000           125.000         


------------------------------------------------------------------------------------------------
| Intra Clock Table
| -----------------
------------------------------------------------------------------------------------------------

Clock             WNS(ns)      TNS(ns)  TNS Failing Endpoints  TNS Total Endpoints      WHS(ns)      THS(ns)  THS Failing Endpoints  THS Total Endpoints     WPWS(ns)     TPWS(ns)  TPWS Failing Endpoints  TPWS Total Endpoints  
-----             -------      -------  ---------------------  -------------------      -------      -------  ---------------------  -------------------     --------     --------  ----------------------  --------------------  
sys_clk_pin         3.184        0.000                      0                   53        0.265        0.000                      0                   53        3.500        0.000                       0                    28  


------------------------------------------------------------------------------------------------
| Inter Clock Table
| -----------------
------------------------------------------------------------------------------------------------

From Clock    To Clock          WNS(ns)      TNS(ns)  TNS Failing Endpoints  TNS Total Endpoints      WHS(ns)      THS(ns)  THS Failing Endpoints  THS Total Endpoints  
----------    --------          -------      -------  ---------------------  -------------------      -------      -------  ---------------------  -------------------  


------------------------------------------------------------------------------------------------
| Other Path Groups Table
| -----------------------
------------------------------------------------------------------------------------------------

Path Group    From Clock    To Clock          WNS(ns)      TNS(ns)  TNS Failing Endpoints  TNS Total Endpoints      WHS(ns)      THS(ns)  THS Failing Endpoints  THS Total Endpoints  
----------    ----------    --------          -------      -------  ---------------------  -------------------      -------      -------  ---------------------  -------------------  


------------------------------------------------------------------------------------------------
| User Ignored Path Table
| -----------------------
------------------------------------------------------------------------------------------------

Path Group    From Clock    To Clock    
----------    ----------    --------    


------------------------------------------------------------------------------------------------
| Unconstrained Path Table
| ------------------------
------------------------------------------------------------------------------------------------

Path Group    From Clock    To Clock    
----------    ----------    --------    
(none)                                    
(none)        sys_clk_pin                 
(none)                      sys_clk_pin   


------------------------------------------------------------------------------------------------
| Timing Details
| --------------
------------------------------------------------------------------------------------------------


---------------------------------------------------------------------------------------------------
From Clock:  sys_clk_pin
  To Clock:  sys_clk_pin

Setup :            0  Failing Endpoints,  Worst Slack        3.184ns,  Total Violation        0.000ns
Hold  :            0  Failing Endpoints,  Worst Slack        0.265ns,  Total Violation        0.000ns
PW    :            0  Failing Endpoints,  Worst Slack        3.500ns,  Total Violation        0.000ns
---------------------------------------------------------------------------------------------------


Max Delay Paths
--------------------------------------------------------------------------------------
Slack (MET) :             3.184ns  (required time - arrival time)
  Source:                 blinking_led_inst/led_control_proc.counter_reg[23]/C
                            (rising edge-triggered cell FDRE clocked by sys_clk_pin  {rise@0.000ns fall@4.000ns period=8.000ns})
  Destination:            blinking_led_inst/led_control_proc.counter_reg[0]/R
                            (rising edge-triggered cell FDRE clocked by sys_clk_pin  {rise@0.000ns fall@4.000ns period=8.000ns})
  Path Group:             sys_clk_pin
  Path Type:              Setup (Max at Slow Process Corner)
  Requirement:            8.000ns  (sys_clk_pin rise@8.000ns - sys_clk_pin rise@0.000ns)
  Data Path Delay:        4.234ns  (logic 0.890ns (21.019%)  route 3.344ns (78.981%))
  Logic Levels:           3  (LUT5=1 LUT6=2)
  Clock Path Skew:        -0.022ns (DCD - SCD + CPR)
    Destination Clock Delay (DCD):    5.648ns = ( 13.648 - 8.000 ) 
    Source Clock Delay      (SCD):    6.152ns
    Clock Pessimism Removal (CPR):    0.481ns
  Clock Uncertainty:      0.035ns  ((TSJ^2 + TIJ^2)^1/2 + DJ) / 2 + PE
    Total System Jitter     (TSJ):    0.071ns
    Total Input Jitter      (TIJ):    0.000ns
    Discrete Jitter          (DJ):    0.000ns
    Phase Error              (PE):    0.000ns

    Location             Delay type                Incr(ns)  Path(ns)    Netlist Resource(s)
  -------------------------------------------------------------------    -------------------
                         (clock sys_clk_pin rise edge)
                                                      0.000     0.000 r  
    K17                                               0.000     0.000 r  sys_clk (IN)
                         net (fo=0)                   0.000     0.000    sys_clk
    K17                  IBUF (Prop_ibuf_I_O)         1.475     1.475 r  sys_clk_IBUF_inst/O
                         net (fo=1, routed)           2.522     3.997    sys_clk_IBUF
    BUFGCTRL_X0Y16       BUFG (Prop_bufg_I_O)         0.101     4.098 r  sys_clk_IBUF_BUFG_inst/O
                         net (fo=27, routed)          2.054     6.152    blinking_led_inst/sys_clk
    SLICE_X112Y111       FDRE                                         r  blinking_led_inst/led_control_proc.counter_reg[23]/C
  -------------------------------------------------------------------    -------------------
    SLICE_X112Y111       FDRE (Prop_fdre_C_Q)         0.518     6.670 r  blinking_led_inst/led_control_proc.counter_reg[23]/Q
                         net (fo=2, routed)           1.137     7.807    blinking_led_inst/led_control_proc.counter_reg[23]
    SLICE_X113Y111       LUT6 (Prop_lut6_I0_O)        0.124     7.931 r  blinking_led_inst/led_control_proc.counter[0]_i_6/O
                         net (fo=1, routed)           0.941     8.872    blinking_led_inst/led_control_proc.counter[0]_i_6_n_0
    SLICE_X113Y108       LUT6 (Prop_lut6_I1_O)        0.124     8.996 r  blinking_led_inst/led_control_proc.counter[0]_i_3/O
                         net (fo=2, routed)           0.555     9.551    blinking_led_inst/led_out_0
    SLICE_X113Y110       LUT5 (Prop_lut5_I4_O)        0.124     9.675 r  blinking_led_inst/led_control_proc.counter[0]_i_1/O
                         net (fo=26, routed)          0.712    10.386    blinking_led_inst/led_control_proc.counter[0]_i_1_n_0
    SLICE_X112Y106       FDRE                                         r  blinking_led_inst/led_control_proc.counter_reg[0]/R
  -------------------------------------------------------------------    -------------------

                         (clock sys_clk_pin rise edge)
                                                      8.000     8.000 r  
    K17                                               0.000     8.000 r  sys_clk (IN)
                         net (fo=0)                   0.000     8.000    sys_clk
    K17                  IBUF (Prop_ibuf_I_O)         1.404     9.404 r  sys_clk_IBUF_inst/O
                         net (fo=1, routed)           2.293    11.697    sys_clk_IBUF
    BUFGCTRL_X0Y16       BUFG (Prop_bufg_I_O)         0.091    11.788 r  sys_clk_IBUF_BUFG_inst/O
                         net (fo=27, routed)          1.860    13.648    blinking_led_inst/sys_clk
    SLICE_X112Y106       FDRE                                         r  blinking_led_inst/led_control_proc.counter_reg[0]/C
                         clock pessimism              0.481    14.130    
                         clock uncertainty           -0.035    14.094    
    SLICE_X112Y106       FDRE (Setup_fdre_C_R)       -0.524    13.570    blinking_led_inst/led_control_proc.counter_reg[0]
  -------------------------------------------------------------------
                         required time                         13.570    
                         arrival time                         -10.386    
  -------------------------------------------------------------------
                         slack                                  3.184    

Slack (MET) :             3.184ns  (required time - arrival time)
  Source:                 blinking_led_inst/led_control_proc.counter_reg[23]/C
                            (rising edge-triggered cell FDRE clocked by sys_clk_pin  {rise@0.000ns fall@4.000ns period=8.000ns})
  Destination:            blinking_led_inst/led_control_proc.counter_reg[1]/R
                            (rising edge-triggered cell FDRE clocked by sys_clk_pin  {rise@0.000ns fall@4.000ns period=8.000ns})
  Path Group:             sys_clk_pin
  Path Type:              Setup (Max at Slow Process Corner)
  Requirement:            8.000ns  (sys_clk_pin rise@8.000ns - sys_clk_pin rise@0.000ns)
  Data Path Delay:        4.234ns  (logic 0.890ns (21.019%)  route 3.344ns (78.981%))
  Logic Levels:           3  (LUT5=1 LUT6=2)
  Clock Path Skew:        -0.022ns (DCD - SCD + CPR)
    Destination Clock Delay (DCD):    5.648ns = ( 13.648 - 8.000 ) 
    Source Clock Delay      (SCD):    6.152ns
    Clock Pessimism Removal (CPR):    0.481ns
  Clock Uncertainty:      0.035ns  ((TSJ^2 + TIJ^2)^1/2 + DJ) / 2 + PE
    Total System Jitter     (TSJ):    0.071ns
    Total Input Jitter      (TIJ):    0.000ns
    Discrete Jitter          (DJ):    0.000ns
    Phase Error              (PE):    0.000ns

    Location             Delay type                Incr(ns)  Path(ns)    Netlist Resource(s)
  -------------------------------------------------------------------    -------------------
                         (clock sys_clk_pin rise edge)
                                                      0.000     0.000 r  
    K17                                               0.000     0.000 r  sys_clk (IN)
                         net (fo=0)                   0.000     0.000    sys_clk
    K17                  IBUF (Prop_ibuf_I_O)         1.475     1.475 r  sys_clk_IBUF_inst/O
                         net (fo=1, routed)           2.522     3.997    sys_clk_IBUF
    BUFGCTRL_X0Y16       BUFG (Prop_bufg_I_O)         0.101     4.098 r  sys_clk_IBUF_BUFG_inst/O
                         net (fo=27, routed)          2.054     6.152    blinking_led_inst/sys_clk
    SLICE_X112Y111       FDRE                                         r  blinking_led_inst/led_control_proc.counter_reg[23]/C
  -------------------------------------------------------------------    -------------------
    SLICE_X112Y111       FDRE (Prop_fdre_C_Q)         0.518     6.670 r  blinking_led_inst/led_control_proc.counter_reg[23]/Q
                         net (fo=2, routed)           1.137     7.807    blinking_led_inst/led_control_proc.counter_reg[23]
    SLICE_X113Y111       LUT6 (Prop_lut6_I0_O)        0.124     7.931 r  blinking_led_inst/led_control_proc.counter[0]_i_6/O
                         net (fo=1, routed)           0.941     8.872    blinking_led_inst/led_control_proc.counter[0]_i_6_n_0
    SLICE_X113Y108       LUT6 (Prop_lut6_I1_O)        0.124     8.996 r  blinking_led_inst/led_control_proc.counter[0]_i_3/O
                         net (fo=2, routed)           0.555     9.551    blinking_led_inst/led_out_0
    SLICE_X113Y110       LUT5 (Prop_lut5_I4_O)        0.124     9.675 r  blinking_led_inst/led_control_proc.counter[0]_i_1/O
                         net (fo=26, routed)          0.712    10.386    blinking_led_inst/led_control_proc.counter[0]_i_1_n_0
    SLICE_X112Y106       FDRE                                         r  blinking_led_inst/led_control_proc.counter_reg[1]/R
  -------------------------------------------------------------------    -------------------

                         (clock sys_clk_pin rise edge)
                                                      8.000     8.000 r  
    K17                                               0.000     8.000 r  sys_clk (IN)
                         net (fo=0)                   0.000     8.000    sys_clk
    K17                  IBUF (Prop_ibuf_I_O)         1.404     9.404 r  sys_clk_IBUF_inst/O
                         net (fo=1, routed)           2.293    11.697    sys_clk_IBUF
    BUFGCTRL_X0Y16       BUFG (Prop_bufg_I_O)         0.091    11.788 r  sys_clk_IBUF_BUFG_inst/O
                         net (fo=27, routed)          1.860    13.648    blinking_led_inst/sys_clk
    SLICE_X112Y106       FDRE                                         r  blinking_led_inst/led_control_proc.counter_reg[1]/C
                         clock pessimism              0.481    14.130    
                         clock uncertainty           -0.035    14.094    
    SLICE_X112Y106       FDRE (Setup_fdre_C_R)       -0.524    13.570    blinking_led_inst/led_control_proc.counter_reg[1]
  -------------------------------------------------------------------
                         required time                         13.570    
                         arrival time                         -10.386    
  -------------------------------------------------------------------
                         slack                                  3.184    

Slack (MET) :             3.184ns  (required time - arrival time)
  Source:                 blinking_led_inst/led_control_proc.counter_reg[23]/C
                            (rising edge-triggered cell FDRE clocked by sys_clk_pin  {rise@0.000ns fall@4.000ns period=8.000ns})
  Destination:            blinking_led_inst/led_control_proc.counter_reg[2]/R
                            (rising edge-triggered cell FDRE clocked by sys_clk_pin  {rise@0.000ns fall@4.000ns period=8.000ns})
  Path Group:             sys_clk_pin
  Path Type:              Setup (Max at Slow Process Corner)
  Requirement:            8.000ns  (sys_clk_pin rise@8.000ns - sys_clk_pin rise@0.000ns)
  Data Path Delay:        4.234ns  (logic 0.890ns (21.019%)  route 3.344ns (78.981%))
  Logic Levels:           3  (LUT5=1 LUT6=2)
  Clock Path Skew:        -0.022ns (DCD - SCD + CPR)
    Destination Clock Delay (DCD):    5.648ns = ( 13.648 - 8.000 ) 
    Source Clock Delay      (SCD):    6.152ns
    Clock Pessimism Removal (CPR):    0.481ns
  Clock Uncertainty:      0.035ns  ((TSJ^2 + TIJ^2)^1/2 + DJ) / 2 + PE
    Total System Jitter     (TSJ):    0.071ns
    Total Input Jitter      (TIJ):    0.000ns
    Discrete Jitter          (DJ):    0.000ns
    Phase Error              (PE):    0.000ns

    Location             Delay type                Incr(ns)  Path(ns)    Netlist Resource(s)
  -------------------------------------------------------------------    -------------------
                         (clock sys_clk_pin rise edge)
                                                      0.000     0.000 r  
    K17                                               0.000     0.000 r  sys_clk (IN)
                         net (fo=0)                   0.000     0.000    sys_clk
    K17                  IBUF (Prop_ibuf_I_O)         1.475     1.475 r  sys_clk_IBUF_inst/O
                         net (fo=1, routed)           2.522     3.997    sys_clk_IBUF
    BUFGCTRL_X0Y16       BUFG (Prop_bufg_I_O)         0.101     4.098 r  sys_clk_IBUF_BUFG_inst/O
                         net (fo=27, routed)          2.054     6.152    blinking_led_inst/sys_clk
    SLICE_X112Y111       FDRE                                         r  blinking_led_inst/led_control_proc.counter_reg[23]/C
  -------------------------------------------------------------------    -------------------
    SLICE_X112Y111       FDRE (Prop_fdre_C_Q)         0.518     6.670 r  blinking_led_inst/led_control_proc.counter_reg[23]/Q
                         net (fo=2, routed)           1.137     7.807    blinking_led_inst/led_control_proc.counter_reg[23]
    SLICE_X113Y111       LUT6 (Prop_lut6_I0_O)        0.124     7.931 r  blinking_led_inst/led_control_proc.counter[0]_i_6/O
                         net (fo=1, routed)           0.941     8.872    blinking_led_inst/led_control_proc.counter[0]_i_6_n_0
    SLICE_X113Y108       LUT6 (Prop_lut6_I1_O)        0.124     8.996 r  blinking_led_inst/led_control_proc.counter[0]_i_3/O
                         net (fo=2, routed)           0.555     9.551    blinking_led_inst/led_out_0
    SLICE_X113Y110       LUT5 (Prop_lut5_I4_O)        0.124     9.675 r  blinking_led_inst/led_control_proc.counter[0]_i_1/O
                         net (fo=26, routed)          0.712    10.386    blinking_led_inst/led_control_proc.counter[0]_i_1_n_0
    SLICE_X112Y106       FDRE                                         r  blinking_led_inst/led_control_proc.counter_reg[2]/R
  -------------------------------------------------------------------    -------------------

                         (clock sys_clk_pin rise edge)
                                                      8.000     8.000 r  
    K17                                               0.000     8.000 r  sys_clk (IN)
                         net (fo=0)                   0.000     8.000    sys_clk
    K17                  IBUF (Prop_ibuf_I_O)         1.404     9.404 r  sys_clk_IBUF_inst/O
                         net (fo=1, routed)           2.293    11.697    sys_clk_IBUF
    BUFGCTRL_X0Y16       BUFG (Prop_bufg_I_O)         0.091    11.788 r  sys_clk_IBUF_BUFG_inst/O
                         net (fo=27, routed)          1.860    13.648    blinking_led_inst/sys_clk
    SLICE_X112Y106       FDRE                                         r  blinking_led_inst/led_control_proc.counter_reg[2]/C
                         clock pessimism              0.481    14.130    
                         clock uncertainty           -0.035    14.094    
    SLICE_X112Y106       FDRE (Setup_fdre_C_R)       -0.524    13.570    blinking_led_inst/led_control_proc.counter_reg[2]
  -------------------------------------------------------------------
                         required time                         13.570    
                         arrival time                         -10.386    
  -------------------------------------------------------------------
                         slack                                  3.184    

Slack (MET) :             3.184ns  (required time - arrival time)
  Source:                 blinking_led_inst/led_control_proc.counter_reg[23]/C
                            (rising edge-triggered cell FDRE clocked by sys_clk_pin  {rise@0.000ns fall@4.000ns period=8.000ns})
  Destination:            blinking_led_inst/led_control_proc.counter_reg[3]/R
                            (rising edge-triggered cell FDRE clocked by sys_clk_pin  {rise@0.000ns fall@4.000ns period=8.000ns})
  Path Group:             sys_clk_pin
  Path Type:              Setup (Max at Slow Process Corner)
  Requirement:            8.000ns  (sys_clk_pin rise@8.000ns - sys_clk_pin rise@0.000ns)
  Data Path Delay:        4.234ns  (logic 0.890ns (21.019%)  route 3.344ns (78.981%))
  Logic Levels:           3  (LUT5=1 LUT6=2)
  Clock Path Skew:        -0.022ns (DCD - SCD + CPR)
    Destination Clock Delay (DCD):    5.648ns = ( 13.648 - 8.000 ) 
    Source Clock Delay      (SCD):    6.152ns
    Clock Pessimism Removal (CPR):    0.481ns
  Clock Uncertainty:      0.035ns  ((TSJ^2 + TIJ^2)^1/2 + DJ) / 2 + PE
    Total System Jitter     (TSJ):    0.071ns
    Total Input Jitter      (TIJ):    0.000ns
    Discrete Jitter          (DJ):    0.000ns
    Phase Error              (PE):    0.000ns

    Location             Delay type                Incr(ns)  Path(ns)    Netlist Resource(s)
  -------------------------------------------------------------------    -------------------
                         (clock sys_clk_pin rise edge)
                                                      0.000     0.000 r  
    K17                                               0.000     0.000 r  sys_clk (IN)
                         net (fo=0)                   0.000     0.000    sys_clk
    K17                  IBUF (Prop_ibuf_I_O)         1.475     1.475 r  sys_clk_IBUF_inst/O
                         net (fo=1, routed)           2.522     3.997    sys_clk_IBUF
    BUFGCTRL_X0Y16       BUFG (Prop_bufg_I_O)         0.101     4.098 r  sys_clk_IBUF_BUFG_inst/O
                         net (fo=27, routed)          2.054     6.152    blinking_led_inst/sys_clk
    SLICE_X112Y111       FDRE                                         r  blinking_led_inst/led_control_proc.counter_reg[23]/C
  -------------------------------------------------------------------    -------------------
    SLICE_X112Y111       FDRE (Prop_fdre_C_Q)         0.518     6.670 r  blinking_led_inst/led_control_proc.counter_reg[23]/Q
                         net (fo=2, routed)           1.137     7.807    blinking_led_inst/led_control_proc.counter_reg[23]
    SLICE_X113Y111       LUT6 (Prop_lut6_I0_O)        0.124     7.931 r  blinking_led_inst/led_control_proc.counter[0]_i_6/O
                         net (fo=1, routed)           0.941     8.872    blinking_led_inst/led_control_proc.counter[0]_i_6_n_0
    SLICE_X113Y108       LUT6 (Prop_lut6_I1_O)        0.124     8.996 r  blinking_led_inst/led_control_proc.counter[0]_i_3/O
                         net (fo=2, routed)           0.555     9.551    blinking_led_inst/led_out_0
    SLICE_X113Y110       LUT5 (Prop_lut5_I4_O)        0.124     9.675 r  blinking_led_inst/led_control_proc.counter[0]_i_1/O
                         net (fo=26, routed)          0.712    10.386    blinking_led_inst/led_control_proc.counter[0]_i_1_n_0
    SLICE_X112Y106       FDRE                                         r  blinking_led_inst/led_control_proc.counter_reg[3]/R
  -------------------------------------------------------------------    -------------------

                         (clock sys_clk_pin rise edge)
                                                      8.000     8.000 r  
    K17                                               0.000     8.000 r  sys_clk (IN)
                         net (fo=0)                   0.000     8.000    sys_clk
    K17                  IBUF (Prop_ibuf_I_O)         1.404     9.404 r  sys_clk_IBUF_inst/O
                         net (fo=1, routed)           2.293    11.697    sys_clk_IBUF
    BUFGCTRL_X0Y16       BUFG (Prop_bufg_I_O)         0.091    11.788 r  sys_clk_IBUF_BUFG_inst/O
                         net (fo=27, routed)          1.860    13.648    blinking_led_inst/sys_clk
    SLICE_X112Y106       FDRE                                         r  blinking_led_inst/led_control_proc.counter_reg[3]/C
                         clock pessimism              0.481    14.130    
                         clock uncertainty           -0.035    14.094    
    SLICE_X112Y106       FDRE (Setup_fdre_C_R)       -0.524    13.570    blinking_led_inst/led_control_proc.counter_reg[3]
  -------------------------------------------------------------------
                         required time                         13.570    
                         arrival time                         -10.386    
  -------------------------------------------------------------------
                         slack                                  3.184    

Slack (MET) :             3.232ns  (required time - arrival time)
  Source:                 blinking_led_inst/led_control_proc.counter_reg[23]/C
                            (rising edge-triggered cell FDRE clocked by sys_clk_pin  {rise@0.000ns fall@4.000ns period=8.000ns})
  Destination:            blinking_led_inst/led_control_proc.counter_reg[4]/R
                            (rising edge-triggered cell FDRE clocked by sys_clk_pin  {rise@0.000ns fall@4.000ns period=8.000ns})
  Path Group:             sys_clk_pin
  Path Type:              Setup (Max at Slow Process Corner)
  Requirement:            8.000ns  (sys_clk_pin rise@8.000ns - sys_clk_pin rise@0.000ns)
  Data Path Delay:        4.185ns  (logic 0.890ns (21.265%)  route 3.295ns (78.735%))
  Logic Levels:           3  (LUT5=1 LUT6=2)
  Clock Path Skew:        -0.023ns (DCD - SCD + CPR)
    Destination Clock Delay (DCD):    5.647ns = ( 13.647 - 8.000 ) 
    Source Clock Delay      (SCD):    6.152ns
    Clock Pessimism Removal (CPR):    0.481ns
  Clock Uncertainty:      0.035ns  ((TSJ^2 + TIJ^2)^1/2 + DJ) / 2 + PE
    Total System Jitter     (TSJ):    0.071ns
    Total Input Jitter      (TIJ):    0.000ns
    Discrete Jitter          (DJ):    0.000ns
    Phase Error              (PE):    0.000ns

    Location             Delay type                Incr(ns)  Path(ns)    Netlist Resource(s)
  -------------------------------------------------------------------    -------------------
                         (clock sys_clk_pin rise edge)
                                                      0.000     0.000 r  
    K17                                               0.000     0.000 r  sys_clk (IN)
                         net (fo=0)                   0.000     0.000    sys_clk
    K17                  IBUF (Prop_ibuf_I_O)         1.475     1.475 r  sys_clk_IBUF_inst/O
                         net (fo=1, routed)           2.522     3.997    sys_clk_IBUF
    BUFGCTRL_X0Y16       BUFG (Prop_bufg_I_O)         0.101     4.098 r  sys_clk_IBUF_BUFG_inst/O
                         net (fo=27, routed)          2.054     6.152    blinking_led_inst/sys_clk
    SLICE_X112Y111       FDRE                                         r  blinking_led_inst/led_control_proc.counter_reg[23]/C
  -------------------------------------------------------------------    -------------------
    SLICE_X112Y111       FDRE (Prop_fdre_C_Q)         0.518     6.670 r  blinking_led_inst/led_control_proc.counter_reg[23]/Q
                         net (fo=2, routed)           1.137     7.807    blinking_led_inst/led_control_proc.counter_reg[23]
    SLICE_X113Y111       LUT6 (Prop_lut6_I0_O)        0.124     7.931 r  blinking_led_inst/led_control_proc.counter[0]_i_6/O
                         net (fo=1, routed)           0.941     8.872    blinking_led_inst/led_control_proc.counter[0]_i_6_n_0
    SLICE_X113Y108       LUT6 (Prop_lut6_I1_O)        0.124     8.996 r  blinking_led_inst/led_control_proc.counter[0]_i_3/O
                         net (fo=2, routed)           0.555     9.551    blinking_led_inst/led_out_0
    SLICE_X113Y110       LUT5 (Prop_lut5_I4_O)        0.124     9.675 r  blinking_led_inst/led_control_proc.counter[0]_i_1/O
                         net (fo=26, routed)          0.663    10.337    blinking_led_inst/led_control_proc.counter[0]_i_1_n_0
    SLICE_X112Y107       FDRE                                         r  blinking_led_inst/led_control_proc.counter_reg[4]/R
  -------------------------------------------------------------------    -------------------

                         (clock sys_clk_pin rise edge)
                                                      8.000     8.000 r  
    K17                                               0.000     8.000 r  sys_clk (IN)
                         net (fo=0)                   0.000     8.000    sys_clk
    K17                  IBUF (Prop_ibuf_I_O)         1.404     9.404 r  sys_clk_IBUF_inst/O
                         net (fo=1, routed)           2.293    11.697    sys_clk_IBUF
    BUFGCTRL_X0Y16       BUFG (Prop_bufg_I_O)         0.091    11.788 r  sys_clk_IBUF_BUFG_inst/O
                         net (fo=27, routed)          1.859    13.647    blinking_led_inst/sys_clk
    SLICE_X112Y107       FDRE                                         r  blinking_led_inst/led_control_proc.counter_reg[4]/C
                         clock pessimism              0.481    14.129    
                         clock uncertainty           -0.035    14.093    
    SLICE_X112Y107       FDRE (Setup_fdre_C_R)       -0.524    13.569    blinking_led_inst/led_control_proc.counter_reg[4]
  -------------------------------------------------------------------
                         required time                         13.569    
                         arrival time                         -10.337    
  -------------------------------------------------------------------
                         slack                                  3.232    

Slack (MET) :             3.232ns  (required time - arrival time)
  Source:                 blinking_led_inst/led_control_proc.counter_reg[23]/C
                            (rising edge-triggered cell FDRE clocked by sys_clk_pin  {rise@0.000ns fall@4.000ns period=8.000ns})
  Destination:            blinking_led_inst/led_control_proc.counter_reg[5]/R
                            (rising edge-triggered cell FDRE clocked by sys_clk_pin  {rise@0.000ns fall@4.000ns period=8.000ns})
  Path Group:             sys_clk_pin
  Path Type:              Setup (Max at Slow Process Corner)
  Requirement:            8.000ns  (sys_clk_pin rise@8.000ns - sys_clk_pin rise@0.000ns)
  Data Path Delay:        4.185ns  (logic 0.890ns (21.265%)  route 3.295ns (78.735%))
  Logic Levels:           3  (LUT5=1 LUT6=2)
  Clock Path Skew:        -0.023ns (DCD - SCD + CPR)
    Destination Clock Delay (DCD):    5.647ns = ( 13.647 - 8.000 ) 
    Source Clock Delay      (SCD):    6.152ns
    Clock Pessimism Removal (CPR):    0.481ns
  Clock Uncertainty:      0.035ns  ((TSJ^2 + TIJ^2)^1/2 + DJ) / 2 + PE
    Total System Jitter     (TSJ):    0.071ns
    Total Input Jitter      (TIJ):    0.000ns
    Discrete Jitter          (DJ):    0.000ns
    Phase Error              (PE):    0.000ns

    Location             Delay type                Incr(ns)  Path(ns)    Netlist Resource(s)
  -------------------------------------------------------------------    -------------------
                         (clock sys_clk_pin rise edge)
                                                      0.000     0.000 r  
    K17                                               0.000     0.000 r  sys_clk (IN)
                         net (fo=0)                   0.000     0.000    sys_clk
    K17                  IBUF (Prop_ibuf_I_O)         1.475     1.475 r  sys_clk_IBUF_inst/O
                         net (fo=1, routed)           2.522     3.997    sys_clk_IBUF
    BUFGCTRL_X0Y16       BUFG (Prop_bufg_I_O)         0.101     4.098 r  sys_clk_IBUF_BUFG_inst/O
                         net (fo=27, routed)          2.054     6.152    blinking_led_inst/sys_clk
    SLICE_X112Y111       FDRE                                         r  blinking_led_inst/led_control_proc.counter_reg[23]/C
  -------------------------------------------------------------------    -------------------
    SLICE_X112Y111       FDRE (Prop_fdre_C_Q)         0.518     6.670 r  blinking_led_inst/led_control_proc.counter_reg[23]/Q
                         net (fo=2, routed)           1.137     7.807    blinking_led_inst/led_control_proc.counter_reg[23]
    SLICE_X113Y111       LUT6 (Prop_lut6_I0_O)        0.124     7.931 r  blinking_led_inst/led_control_proc.counter[0]_i_6/O
                         net (fo=1, routed)           0.941     8.872    blinking_led_inst/led_control_proc.counter[0]_i_6_n_0
    SLICE_X113Y108       LUT6 (Prop_lut6_I1_O)        0.124     8.996 r  blinking_led_inst/led_control_proc.counter[0]_i_3/O
                         net (fo=2, routed)           0.555     9.551    blinking_led_inst/led_out_0
    SLICE_X113Y110       LUT5 (Prop_lut5_I4_O)        0.124     9.675 r  blinking_led_inst/led_control_proc.counter[0]_i_1/O
                         net (fo=26, routed)          0.663    10.337    blinking_led_inst/led_control_proc.counter[0]_i_1_n_0
    SLICE_X112Y107       FDRE                                         r  blinking_led_inst/led_control_proc.counter_reg[5]/R
  -------------------------------------------------------------------    -------------------

                         (clock sys_clk_pin rise edge)
                                                      8.000     8.000 r  
    K17                                               0.000     8.000 r  sys_clk (IN)
                         net (fo=0)                   0.000     8.000    sys_clk
    K17                  IBUF (Prop_ibuf_I_O)         1.404     9.404 r  sys_clk_IBUF_inst/O
                         net (fo=1, routed)           2.293    11.697    sys_clk_IBUF
    BUFGCTRL_X0Y16       BUFG (Prop_bufg_I_O)         0.091    11.788 r  sys_clk_IBUF_BUFG_inst/O
                         net (fo=27, routed)          1.859    13.647    blinking_led_inst/sys_clk
    SLICE_X112Y107       FDRE                                         r  blinking_led_inst/led_control_proc.counter_reg[5]/C
                         clock pessimism              0.481    14.129    
                         clock uncertainty           -0.035    14.093    
    SLICE_X112Y107       FDRE (Setup_fdre_C_R)       -0.524    13.569    blinking_led_inst/led_control_proc.counter_reg[5]
  -------------------------------------------------------------------
                         required time                         13.569    
                         arrival time                         -10.337    
  -------------------------------------------------------------------
                         slack                                  3.232    

Slack (MET) :             3.232ns  (required time - arrival time)
  Source:                 blinking_led_inst/led_control_proc.counter_reg[23]/C
                            (rising edge-triggered cell FDRE clocked by sys_clk_pin  {rise@0.000ns fall@4.000ns period=8.000ns})
  Destination:            blinking_led_inst/led_control_proc.counter_reg[6]/R
                            (rising edge-triggered cell FDRE clocked by sys_clk_pin  {rise@0.000ns fall@4.000ns period=8.000ns})
  Path Group:             sys_clk_pin
  Path Type:              Setup (Max at Slow Process Corner)
  Requirement:            8.000ns  (sys_clk_pin rise@8.000ns - sys_clk_pin rise@0.000ns)
  Data Path Delay:        4.185ns  (logic 0.890ns (21.265%)  route 3.295ns (78.735%))
  Logic Levels:           3  (LUT5=1 LUT6=2)
  Clock Path Skew:        -0.023ns (DCD - SCD + CPR)
    Destination Clock Delay (DCD):    5.647ns = ( 13.647 - 8.000 ) 
    Source Clock Delay      (SCD):    6.152ns
    Clock Pessimism Removal (CPR):    0.481ns
  Clock Uncertainty:      0.035ns  ((TSJ^2 + TIJ^2)^1/2 + DJ) / 2 + PE
    Total System Jitter     (TSJ):    0.071ns
    Total Input Jitter      (TIJ):    0.000ns
    Discrete Jitter          (DJ):    0.000ns
    Phase Error              (PE):    0.000ns

    Location             Delay type                Incr(ns)  Path(ns)    Netlist Resource(s)
  -------------------------------------------------------------------    -------------------
                         (clock sys_clk_pin rise edge)
                                                      0.000     0.000 r  
    K17                                               0.000     0.000 r  sys_clk (IN)
                         net (fo=0)                   0.000     0.000    sys_clk
    K17                  IBUF (Prop_ibuf_I_O)         1.475     1.475 r  sys_clk_IBUF_inst/O
                         net (fo=1, routed)           2.522     3.997    sys_clk_IBUF
    BUFGCTRL_X0Y16       BUFG (Prop_bufg_I_O)         0.101     4.098 r  sys_clk_IBUF_BUFG_inst/O
                         net (fo=27, routed)          2.054     6.152    blinking_led_inst/sys_clk
    SLICE_X112Y111       FDRE                                         r  blinking_led_inst/led_control_proc.counter_reg[23]/C
  -------------------------------------------------------------------    -------------------
    SLICE_X112Y111       FDRE (Prop_fdre_C_Q)         0.518     6.670 r  blinking_led_inst/led_control_proc.counter_reg[23]/Q
                         net (fo=2, routed)           1.137     7.807    blinking_led_inst/led_control_proc.counter_reg[23]
    SLICE_X113Y111       LUT6 (Prop_lut6_I0_O)        0.124     7.931 r  blinking_led_inst/led_control_proc.counter[0]_i_6/O
                         net (fo=1, routed)           0.941     8.872    blinking_led_inst/led_control_proc.counter[0]_i_6_n_0
    SLICE_X113Y108       LUT6 (Prop_lut6_I1_O)        0.124     8.996 r  blinking_led_inst/led_control_proc.counter[0]_i_3/O
                         net (fo=2, routed)           0.555     9.551    blinking_led_inst/led_out_0
    SLICE_X113Y110       LUT5 (Prop_lut5_I4_O)        0.124     9.675 r  blinking_led_inst/led_control_proc.counter[0]_i_1/O
                         net (fo=26, routed)          0.663    10.337    blinking_led_inst/led_control_proc.counter[0]_i_1_n_0
    SLICE_X112Y107       FDRE                                         r  blinking_led_inst/led_control_proc.counter_reg[6]/R
  -------------------------------------------------------------------    -------------------

                         (clock sys_clk_pin rise edge)
                                                      8.000     8.000 r  
    K17                                               0.000     8.000 r  sys_clk (IN)
                         net (fo=0)                   0.000     8.000    sys_clk
    K17                  IBUF (Prop_ibuf_I_O)         1.404     9.404 r  sys_clk_IBUF_inst/O
                         net (fo=1, routed)           2.293    11.697    sys_clk_IBUF
    BUFGCTRL_X0Y16       BUFG (Prop_bufg_I_O)         0.091    11.788 r  sys_clk_IBUF_BUFG_inst/O
                         net (fo=27, routed)          1.859    13.647    blinking_led_inst/sys_clk
    SLICE_X112Y107       FDRE                                         r  blinking_led_inst/led_control_proc.counter_reg[6]/C
                         clock pessimism              0.481    14.129    
                         clock uncertainty           -0.035    14.093    
    SLICE_X112Y107       FDRE (Setup_fdre_C_R)       -0.524    13.569    blinking_led_inst/led_control_proc.counter_reg[6]
  -------------------------------------------------------------------
                         required time                         13.569    
                         arrival time                         -10.337    
  -------------------------------------------------------------------
                         slack                                  3.232    

Slack (MET) :             3.232ns  (required time - arrival time)
  Source:                 blinking_led_inst/led_control_proc.counter_reg[23]/C
                            (rising edge-triggered cell FDRE clocked by sys_clk_pin  {rise@0.000ns fall@4.000ns period=8.000ns})
  Destination:            blinking_led_inst/led_control_proc.counter_reg[7]/R
                            (rising edge-triggered cell FDRE clocked by sys_clk_pin  {rise@0.000ns fall@4.000ns period=8.000ns})
  Path Group:             sys_clk_pin
  Path Type:              Setup (Max at Slow Process Corner)
  Requirement:            8.000ns  (sys_clk_pin rise@8.000ns - sys_clk_pin rise@0.000ns)
  Data Path Delay:        4.185ns  (logic 0.890ns (21.265%)  route 3.295ns (78.735%))
  Logic Levels:           3  (LUT5=1 LUT6=2)
  Clock Path Skew:        -0.023ns (DCD - SCD + CPR)
    Destination Clock Delay (DCD):    5.647ns = ( 13.647 - 8.000 ) 
    Source Clock Delay      (SCD):    6.152ns
    Clock Pessimism Removal (CPR):    0.481ns
  Clock Uncertainty:      0.035ns  ((TSJ^2 + TIJ^2)^1/2 + DJ) / 2 + PE
    Total System Jitter     (TSJ):    0.071ns
    Total Input Jitter      (TIJ):    0.000ns
    Discrete Jitter          (DJ):    0.000ns
    Phase Error              (PE):    0.000ns

    Location             Delay type                Incr(ns)  Path(ns)    Netlist Resource(s)
  -------------------------------------------------------------------    -------------------
                         (clock sys_clk_pin rise edge)
                                                      0.000     0.000 r  
    K17                                               0.000     0.000 r  sys_clk (IN)
                         net (fo=0)                   0.000     0.000    sys_clk
    K17                  IBUF (Prop_ibuf_I_O)         1.475     1.475 r  sys_clk_IBUF_inst/O
                         net (fo=1, routed)           2.522     3.997    sys_clk_IBUF
    BUFGCTRL_X0Y16       BUFG (Prop_bufg_I_O)         0.101     4.098 r  sys_clk_IBUF_BUFG_inst/O
                         net (fo=27, routed)          2.054     6.152    blinking_led_inst/sys_clk
    SLICE_X112Y111       FDRE                                         r  blinking_led_inst/led_control_proc.counter_reg[23]/C
  -------------------------------------------------------------------    -------------------
    SLICE_X112Y111       FDRE (Prop_fdre_C_Q)         0.518     6.670 r  blinking_led_inst/led_control_proc.counter_reg[23]/Q
                         net (fo=2, routed)           1.137     7.807    blinking_led_inst/led_control_proc.counter_reg[23]
    SLICE_X113Y111       LUT6 (Prop_lut6_I0_O)        0.124     7.931 r  blinking_led_inst/led_control_proc.counter[0]_i_6/O
                         net (fo=1, routed)           0.941     8.872    blinking_led_inst/led_control_proc.counter[0]_i_6_n_0
    SLICE_X113Y108       LUT6 (Prop_lut6_I1_O)        0.124     8.996 r  blinking_led_inst/led_control_proc.counter[0]_i_3/O
                         net (fo=2, routed)           0.555     9.551    blinking_led_inst/led_out_0
    SLICE_X113Y110       LUT5 (Prop_lut5_I4_O)        0.124     9.675 r  blinking_led_inst/led_control_proc.counter[0]_i_1/O
                         net (fo=26, routed)          0.663    10.337    blinking_led_inst/led_control_proc.counter[0]_i_1_n_0
    SLICE_X112Y107       FDRE                                         r  blinking_led_inst/led_control_proc.counter_reg[7]/R
  -------------------------------------------------------------------    -------------------

                         (clock sys_clk_pin rise edge)
                                                      8.000     8.000 r  
    K17                                               0.000     8.000 r  sys_clk (IN)
                         net (fo=0)                   0.000     8.000    sys_clk
    K17                  IBUF (Prop_ibuf_I_O)         1.404     9.404 r  sys_clk_IBUF_inst/O
                         net (fo=1, routed)           2.293    11.697    sys_clk_IBUF
    BUFGCTRL_X0Y16       BUFG (Prop_bufg_I_O)         0.091    11.788 r  sys_clk_IBUF_BUFG_inst/O
                         net (fo=27, routed)          1.859    13.647    blinking_led_inst/sys_clk
    SLICE_X112Y107       FDRE                                         r  blinking_led_inst/led_control_proc.counter_reg[7]/C
                         clock pessimism              0.481    14.129    
                         clock uncertainty           -0.035    14.093    
    SLICE_X112Y107       FDRE (Setup_fdre_C_R)       -0.524    13.569    blinking_led_inst/led_control_proc.counter_reg[7]
  -------------------------------------------------------------------
                         required time                         13.569    
                         arrival time                         -10.337    
  -------------------------------------------------------------------
                         slack                                  3.232    

Slack (MET) :             3.233ns  (required time - arrival time)
  Source:                 blinking_led_inst/led_control_proc.counter_reg[23]/C
                            (rising edge-triggered cell FDRE clocked by sys_clk_pin  {rise@0.000ns fall@4.000ns period=8.000ns})
  Destination:            blinking_led_inst/led_control_proc.counter_reg[16]/R
                            (rising edge-triggered cell FDRE clocked by sys_clk_pin  {rise@0.000ns fall@4.000ns period=8.000ns})
  Path Group:             sys_clk_pin
  Path Type:              Setup (Max at Slow Process Corner)
  Requirement:            8.000ns  (sys_clk_pin rise@8.000ns - sys_clk_pin rise@0.000ns)
  Data Path Delay:        4.183ns  (logic 0.890ns (21.274%)  route 3.293ns (78.726%))
  Logic Levels:           3  (LUT5=1 LUT6=2)
  Clock Path Skew:        -0.024ns (DCD - SCD + CPR)
    Destination Clock Delay (DCD):    5.646ns = ( 13.646 - 8.000 ) 
    Source Clock Delay      (SCD):    6.152ns
    Clock Pessimism Removal (CPR):    0.481ns
  Clock Uncertainty:      0.035ns  ((TSJ^2 + TIJ^2)^1/2 + DJ) / 2 + PE
    Total System Jitter     (TSJ):    0.071ns
    Total Input Jitter      (TIJ):    0.000ns
    Discrete Jitter          (DJ):    0.000ns
    Phase Error              (PE):    0.000ns

    Location             Delay type                Incr(ns)  Path(ns)    Netlist Resource(s)
  -------------------------------------------------------------------    -------------------
                         (clock sys_clk_pin rise edge)
                                                      0.000     0.000 r  
    K17                                               0.000     0.000 r  sys_clk (IN)
                         net (fo=0)                   0.000     0.000    sys_clk
    K17                  IBUF (Prop_ibuf_I_O)         1.475     1.475 r  sys_clk_IBUF_inst/O
                         net (fo=1, routed)           2.522     3.997    sys_clk_IBUF
    BUFGCTRL_X0Y16       BUFG (Prop_bufg_I_O)         0.101     4.098 r  sys_clk_IBUF_BUFG_inst/O
                         net (fo=27, routed)          2.054     6.152    blinking_led_inst/sys_clk
    SLICE_X112Y111       FDRE                                         r  blinking_led_inst/led_control_proc.counter_reg[23]/C
  -------------------------------------------------------------------    -------------------
    SLICE_X112Y111       FDRE (Prop_fdre_C_Q)         0.518     6.670 r  blinking_led_inst/led_control_proc.counter_reg[23]/Q
                         net (fo=2, routed)           1.137     7.807    blinking_led_inst/led_control_proc.counter_reg[23]
    SLICE_X113Y111       LUT6 (Prop_lut6_I0_O)        0.124     7.931 r  blinking_led_inst/led_control_proc.counter[0]_i_6/O
                         net (fo=1, routed)           0.941     8.872    blinking_led_inst/led_control_proc.counter[0]_i_6_n_0
    SLICE_X113Y108       LUT6 (Prop_lut6_I1_O)        0.124     8.996 r  blinking_led_inst/led_control_proc.counter[0]_i_3/O
                         net (fo=2, routed)           0.555     9.551    blinking_led_inst/led_out_0
    SLICE_X113Y110       LUT5 (Prop_lut5_I4_O)        0.124     9.675 r  blinking_led_inst/led_control_proc.counter[0]_i_1/O
                         net (fo=26, routed)          0.661    10.335    blinking_led_inst/led_control_proc.counter[0]_i_1_n_0
    SLICE_X112Y110       FDRE                                         r  blinking_led_inst/led_control_proc.counter_reg[16]/R
  -------------------------------------------------------------------    -------------------

                         (clock sys_clk_pin rise edge)
                                                      8.000     8.000 r  
    K17                                               0.000     8.000 r  sys_clk (IN)
                         net (fo=0)                   0.000     8.000    sys_clk
    K17                  IBUF (Prop_ibuf_I_O)         1.404     9.404 r  sys_clk_IBUF_inst/O
                         net (fo=1, routed)           2.293    11.697    sys_clk_IBUF
    BUFGCTRL_X0Y16       BUFG (Prop_bufg_I_O)         0.091    11.788 r  sys_clk_IBUF_BUFG_inst/O
                         net (fo=27, routed)          1.858    13.646    blinking_led_inst/sys_clk
    SLICE_X112Y110       FDRE                                         r  blinking_led_inst/led_control_proc.counter_reg[16]/C
                         clock pessimism              0.481    14.128    
                         clock uncertainty           -0.035    14.092    
    SLICE_X112Y110       FDRE (Setup_fdre_C_R)       -0.524    13.568    blinking_led_inst/led_control_proc.counter_reg[16]
  -------------------------------------------------------------------
                         required time                         13.568    
                         arrival time                         -10.335    
  -------------------------------------------------------------------
                         slack                                  3.233    

Slack (MET) :             3.233ns  (required time - arrival time)
  Source:                 blinking_led_inst/led_control_proc.counter_reg[23]/C
                            (rising edge-triggered cell FDRE clocked by sys_clk_pin  {rise@0.000ns fall@4.000ns period=8.000ns})
  Destination:            blinking_led_inst/led_control_proc.counter_reg[17]/R
                            (rising edge-triggered cell FDRE clocked by sys_clk_pin  {rise@0.000ns fall@4.000ns period=8.000ns})
  Path Group:             sys_clk_pin
  Path Type:              Setup (Max at Slow Process Corner)
  Requirement:            8.000ns  (sys_clk_pin rise@8.000ns - sys_clk_pin rise@0.000ns)
  Data Path Delay:        4.183ns  (logic 0.890ns (21.274%)  route 3.293ns (78.726%))
  Logic Levels:           3  (LUT5=1 LUT6=2)
  Clock Path Skew:        -0.024ns (DCD - SCD + CPR)
    Destination Clock Delay (DCD):    5.646ns = ( 13.646 - 8.000 ) 
    Source Clock Delay      (SCD):    6.152ns
    Clock Pessimism Removal (CPR):    0.481ns
  Clock Uncertainty:      0.035ns  ((TSJ^2 + TIJ^2)^1/2 + DJ) / 2 + PE
    Total System Jitter     (TSJ):    0.071ns
    Total Input Jitter      (TIJ):    0.000ns
    Discrete Jitter          (DJ):    0.000ns
    Phase Error              (PE):    0.000ns

    Location             Delay type                Incr(ns)  Path(ns)    Netlist Resource(s)
  -------------------------------------------------------------------    -------------------
                         (clock sys_clk_pin rise edge)
                                                      0.000     0.000 r  
    K17                                               0.000     0.000 r  sys_clk (IN)
                         net (fo=0)                   0.000     0.000    sys_clk
    K17                  IBUF (Prop_ibuf_I_O)         1.475     1.475 r  sys_clk_IBUF_inst/O
                         net (fo=1, routed)           2.522     3.997    sys_clk_IBUF
    BUFGCTRL_X0Y16       BUFG (Prop_bufg_I_O)         0.101     4.098 r  sys_clk_IBUF_BUFG_inst/O
                         net (fo=27, routed)          2.054     6.152    blinking_led_inst/sys_clk
    SLICE_X112Y111       FDRE                                         r  blinking_led_inst/led_control_proc.counter_reg[23]/C
  -------------------------------------------------------------------    -------------------
    SLICE_X112Y111       FDRE (Prop_fdre_C_Q)         0.518     6.670 r  blinking_led_inst/led_control_proc.counter_reg[23]/Q
                         net (fo=2, routed)           1.137     7.807    blinking_led_inst/led_control_proc.counter_reg[23]
    SLICE_X113Y111       LUT6 (Prop_lut6_I0_O)        0.124     7.931 r  blinking_led_inst/led_control_proc.counter[0]_i_6/O
                         net (fo=1, routed)           0.941     8.872    blinking_led_inst/led_control_proc.counter[0]_i_6_n_0
    SLICE_X113Y108       LUT6 (Prop_lut6_I1_O)        0.124     8.996 r  blinking_led_inst/led_control_proc.counter[0]_i_3/O
                         net (fo=2, routed)           0.555     9.551    blinking_led_inst/led_out_0
    SLICE_X113Y110       LUT5 (Prop_lut5_I4_O)        0.124     9.675 r  blinking_led_inst/led_control_proc.counter[0]_i_1/O
                         net (fo=26, routed)          0.661    10.335    blinking_led_inst/led_control_proc.counter[0]_i_1_n_0
    SLICE_X112Y110       FDRE                                         r  blinking_led_inst/led_control_proc.counter_reg[17]/R
  -------------------------------------------------------------------    -------------------

                         (clock sys_clk_pin rise edge)
                                                      8.000     8.000 r  
    K17                                               0.000     8.000 r  sys_clk (IN)
                         net (fo=0)                   0.000     8.000    sys_clk
    K17                  IBUF (Prop_ibuf_I_O)         1.404     9.404 r  sys_clk_IBUF_inst/O
                         net (fo=1, routed)           2.293    11.697    sys_clk_IBUF
    BUFGCTRL_X0Y16       BUFG (Prop_bufg_I_O)         0.091    11.788 r  sys_clk_IBUF_BUFG_inst/O
                         net (fo=27, routed)          1.858    13.646    blinking_led_inst/sys_clk
    SLICE_X112Y110       FDRE                                         r  blinking_led_inst/led_control_proc.counter_reg[17]/C
                         clock pessimism              0.481    14.128    
                         clock uncertainty           -0.035    14.092    
    SLICE_X112Y110       FDRE (Setup_fdre_C_R)       -0.524    13.568    blinking_led_inst/led_control_proc.counter_reg[17]
  -------------------------------------------------------------------
                         required time                         13.568    
                         arrival time                         -10.335    
  -------------------------------------------------------------------
                         slack                                  3.233    





Min Delay Paths
--------------------------------------------------------------------------------------
Slack (MET) :             0.265ns  (arrival time - required time)
  Source:                 blinking_led_inst/led_control_proc.counter_reg[18]/C
                            (rising edge-triggered cell FDRE clocked by sys_clk_pin  {rise@0.000ns fall@4.000ns period=8.000ns})
  Destination:            blinking_led_inst/led_control_proc.counter_reg[18]/D
                            (rising edge-triggered cell FDRE clocked by sys_clk_pin  {rise@0.000ns fall@4.000ns period=8.000ns})
  Path Group:             sys_clk_pin
  Path Type:              Hold (Min at Fast Process Corner)
  Requirement:            0.000ns  (sys_clk_pin rise@0.000ns - sys_clk_pin rise@0.000ns)
  Data Path Delay:        0.399ns  (logic 0.274ns (68.589%)  route 0.125ns (31.411%))
  Logic Levels:           1  (CARRY4=1)
  Clock Path Skew:        0.000ns (DCD - SCD - CPR)
    Destination Clock Delay (DCD):    2.359ns
    Source Clock Delay      (SCD):    1.826ns
    Clock Pessimism Removal (CPR):    0.532ns

    Location             Delay type                Incr(ns)  Path(ns)    Netlist Resource(s)
  -------------------------------------------------------------------    -------------------
                         (clock sys_clk_pin rise edge)
                                                      0.000     0.000 r  
    K17                                               0.000     0.000 r  sys_clk (IN)
                         net (fo=0)                   0.000     0.000    sys_clk
    K17                  IBUF (Prop_ibuf_I_O)         0.243     0.243 r  sys_clk_IBUF_inst/O
                         net (fo=1, routed)           0.842     1.084    sys_clk_IBUF
    BUFGCTRL_X0Y16       BUFG (Prop_bufg_I_O)         0.026     1.110 r  sys_clk_IBUF_BUFG_inst/O
                         net (fo=27, routed)          0.716     1.826    blinking_led_inst/sys_clk
    SLICE_X112Y110       FDRE                                         r  blinking_led_inst/led_control_proc.counter_reg[18]/C
  -------------------------------------------------------------------    -------------------
    SLICE_X112Y110       FDRE (Prop_fdre_C_Q)         0.164     1.990 r  blinking_led_inst/led_control_proc.counter_reg[18]/Q
                         net (fo=2, routed)           0.125     2.116    blinking_led_inst/led_control_proc.counter_reg[18]
    SLICE_X112Y110       CARRY4 (Prop_carry4_S[2]_O[2])
                                                      0.110     2.226 r  blinking_led_inst/led_control_proc.counter_reg[16]_i_1/O[2]
                         net (fo=1, routed)           0.000     2.226    blinking_led_inst/led_control_proc.counter_reg[16]_i_1_n_5
    SLICE_X112Y110       FDRE                                         r  blinking_led_inst/led_control_proc.counter_reg[18]/D
  -------------------------------------------------------------------    -------------------

                         (clock sys_clk_pin rise edge)
                                                      0.000     0.000 r  
    K17                                               0.000     0.000 r  sys_clk (IN)
                         net (fo=0)                   0.000     0.000    sys_clk
    K17                  IBUF (Prop_ibuf_I_O)         0.431     0.431 r  sys_clk_IBUF_inst/O
                         net (fo=1, routed)           0.907     1.338    sys_clk_IBUF
    BUFGCTRL_X0Y16       BUFG (Prop_bufg_I_O)         0.029     1.367 r  sys_clk_IBUF_BUFG_inst/O
                         net (fo=27, routed)          0.992     2.359    blinking_led_inst/sys_clk
    SLICE_X112Y110       FDRE                                         r  blinking_led_inst/led_control_proc.counter_reg[18]/C
                         clock pessimism             -0.532     1.826    
    SLICE_X112Y110       FDRE (Hold_fdre_C_D)         0.134     1.960    blinking_led_inst/led_control_proc.counter_reg[18]
  -------------------------------------------------------------------
                         required time                         -1.960    
                         arrival time                           2.226    
  -------------------------------------------------------------------
                         slack                                  0.265    

Slack (MET) :             0.265ns  (arrival time - required time)
  Source:                 blinking_led_inst/led_control_proc.counter_reg[22]/C
                            (rising edge-triggered cell FDRE clocked by sys_clk_pin  {rise@0.000ns fall@4.000ns period=8.000ns})
  Destination:            blinking_led_inst/led_control_proc.counter_reg[22]/D
                            (rising edge-triggered cell FDRE clocked by sys_clk_pin  {rise@0.000ns fall@4.000ns period=8.000ns})
  Path Group:             sys_clk_pin
  Path Type:              Hold (Min at Fast Process Corner)
  Requirement:            0.000ns  (sys_clk_pin rise@0.000ns - sys_clk_pin rise@0.000ns)
  Data Path Delay:        0.399ns  (logic 0.274ns (68.589%)  route 0.125ns (31.411%))
  Logic Levels:           1  (CARRY4=1)
  Clock Path Skew:        0.000ns (DCD - SCD - CPR)
    Destination Clock Delay (DCD):    2.359ns
    Source Clock Delay      (SCD):    1.826ns
    Clock Pessimism Removal (CPR):    0.532ns

    Location             Delay type                Incr(ns)  Path(ns)    Netlist Resource(s)
  -------------------------------------------------------------------    -------------------
                         (clock sys_clk_pin rise edge)
                                                      0.000     0.000 r  
    K17                                               0.000     0.000 r  sys_clk (IN)
                         net (fo=0)                   0.000     0.000    sys_clk
    K17                  IBUF (Prop_ibuf_I_O)         0.243     0.243 r  sys_clk_IBUF_inst/O
                         net (fo=1, routed)           0.842     1.084    sys_clk_IBUF
    BUFGCTRL_X0Y16       BUFG (Prop_bufg_I_O)         0.026     1.110 r  sys_clk_IBUF_BUFG_inst/O
                         net (fo=27, routed)          0.716     1.826    blinking_led_inst/sys_clk
    SLICE_X112Y111       FDRE                                         r  blinking_led_inst/led_control_proc.counter_reg[22]/C
  -------------------------------------------------------------------    -------------------
    SLICE_X112Y111       FDRE (Prop_fdre_C_Q)         0.164     1.990 r  blinking_led_inst/led_control_proc.counter_reg[22]/Q
                         net (fo=2, routed)           0.125     2.116    blinking_led_inst/led_control_proc.counter_reg[22]
    SLICE_X112Y111       CARRY4 (Prop_carry4_S[2]_O[2])
                                                      0.110     2.226 r  blinking_led_inst/led_control_proc.counter_reg[20]_i_1/O[2]
                         net (fo=1, routed)           0.000     2.226    blinking_led_inst/led_control_proc.counter_reg[20]_i_1_n_5
    SLICE_X112Y111       FDRE                                         r  blinking_led_inst/led_control_proc.counter_reg[22]/D
  -------------------------------------------------------------------    -------------------

                         (clock sys_clk_pin rise edge)
                                                      0.000     0.000 r  
    K17                                               0.000     0.000 r  sys_clk (IN)
                         net (fo=0)                   0.000     0.000    sys_clk
    K17                  IBUF (Prop_ibuf_I_O)         0.431     0.431 r  sys_clk_IBUF_inst/O
                         net (fo=1, routed)           0.907     1.338    sys_clk_IBUF
    BUFGCTRL_X0Y16       BUFG (Prop_bufg_I_O)         0.029     1.367 r  sys_clk_IBUF_BUFG_inst/O
                         net (fo=27, routed)          0.992     2.359    blinking_led_inst/sys_clk
    SLICE_X112Y111       FDRE                                         r  blinking_led_inst/led_control_proc.counter_reg[22]/C
                         clock pessimism             -0.532     1.826    
    SLICE_X112Y111       FDRE (Hold_fdre_C_D)         0.134     1.960    blinking_led_inst/led_control_proc.counter_reg[22]
  -------------------------------------------------------------------
                         required time                         -1.960    
                         arrival time                           2.226    
  -------------------------------------------------------------------
                         slack                                  0.265    

Slack (MET) :             0.265ns  (arrival time - required time)
  Source:                 blinking_led_inst/led_control_proc.counter_reg[6]/C
                            (rising edge-triggered cell FDRE clocked by sys_clk_pin  {rise@0.000ns fall@4.000ns period=8.000ns})
  Destination:            blinking_led_inst/led_control_proc.counter_reg[6]/D
                            (rising edge-triggered cell FDRE clocked by sys_clk_pin  {rise@0.000ns fall@4.000ns period=8.000ns})
  Path Group:             sys_clk_pin
  Path Type:              Hold (Min at Fast Process Corner)
  Requirement:            0.000ns  (sys_clk_pin rise@0.000ns - sys_clk_pin rise@0.000ns)
  Data Path Delay:        0.399ns  (logic 0.274ns (68.589%)  route 0.125ns (31.411%))
  Logic Levels:           1  (CARRY4=1)
  Clock Path Skew:        0.000ns (DCD - SCD - CPR)
    Destination Clock Delay (DCD):    2.360ns
    Source Clock Delay      (SCD):    1.827ns
    Clock Pessimism Removal (CPR):    0.532ns

    Location             Delay type                Incr(ns)  Path(ns)    Netlist Resource(s)
  -------------------------------------------------------------------    -------------------
                         (clock sys_clk_pin rise edge)
                                                      0.000     0.000 r  
    K17                                               0.000     0.000 r  sys_clk (IN)
                         net (fo=0)                   0.000     0.000    sys_clk
    K17                  IBUF (Prop_ibuf_I_O)         0.243     0.243 r  sys_clk_IBUF_inst/O
                         net (fo=1, routed)           0.842     1.084    sys_clk_IBUF
    BUFGCTRL_X0Y16       BUFG (Prop_bufg_I_O)         0.026     1.110 r  sys_clk_IBUF_BUFG_inst/O
                         net (fo=27, routed)          0.717     1.827    blinking_led_inst/sys_clk
    SLICE_X112Y107       FDRE                                         r  blinking_led_inst/led_control_proc.counter_reg[6]/C
  -------------------------------------------------------------------    -------------------
    SLICE_X112Y107       FDRE (Prop_fdre_C_Q)         0.164     1.991 r  blinking_led_inst/led_control_proc.counter_reg[6]/Q
                         net (fo=2, routed)           0.125     2.117    blinking_led_inst/led_control_proc.counter_reg[6]
    SLICE_X112Y107       CARRY4 (Prop_carry4_S[2]_O[2])
                                                      0.110     2.227 r  blinking_led_inst/led_control_proc.counter_reg[4]_i_1/O[2]
                         net (fo=1, routed)           0.000     2.227    blinking_led_inst/led_control_proc.counter_reg[4]_i_1_n_5
    SLICE_X112Y107       FDRE                                         r  blinking_led_inst/led_control_proc.counter_reg[6]/D
  -------------------------------------------------------------------    -------------------

                         (clock sys_clk_pin rise edge)
                                                      0.000     0.000 r  
    K17                                               0.000     0.000 r  sys_clk (IN)
                         net (fo=0)                   0.000     0.000    sys_clk
    K17                  IBUF (Prop_ibuf_I_O)         0.431     0.431 r  sys_clk_IBUF_inst/O
                         net (fo=1, routed)           0.907     1.338    sys_clk_IBUF
    BUFGCTRL_X0Y16       BUFG (Prop_bufg_I_O)         0.029     1.367 r  sys_clk_IBUF_BUFG_inst/O
                         net (fo=27, routed)          0.993     2.360    blinking_led_inst/sys_clk
    SLICE_X112Y107       FDRE                                         r  blinking_led_inst/led_control_proc.counter_reg[6]/C
                         clock pessimism             -0.532     1.827    
    SLICE_X112Y107       FDRE (Hold_fdre_C_D)         0.134     1.961    blinking_led_inst/led_control_proc.counter_reg[6]
  -------------------------------------------------------------------
                         required time                         -1.961    
                         arrival time                           2.227    
  -------------------------------------------------------------------
                         slack                                  0.265    

Slack (MET) :             0.266ns  (arrival time - required time)
  Source:                 blinking_led_inst/led_control_proc.counter_reg[10]/C
                            (rising edge-triggered cell FDRE clocked by sys_clk_pin  {rise@0.000ns fall@4.000ns period=8.000ns})
  Destination:            blinking_led_inst/led_control_proc.counter_reg[10]/D
                            (rising edge-triggered cell FDRE clocked by sys_clk_pin  {rise@0.000ns fall@4.000ns period=8.000ns})
  Path Group:             sys_clk_pin
  Path Type:              Hold (Min at Fast Process Corner)
  Requirement:            0.000ns  (sys_clk_pin rise@0.000ns - sys_clk_pin rise@0.000ns)
  Data Path Delay:        0.400ns  (logic 0.274ns (68.524%)  route 0.126ns (31.476%))
  Logic Levels:           1  (CARRY4=1)
  Clock Path Skew:        0.000ns (DCD - SCD - CPR)
    Destination Clock Delay (DCD):    2.360ns
    Source Clock Delay      (SCD):    1.827ns
    Clock Pessimism Removal (CPR):    0.532ns

    Location             Delay type                Incr(ns)  Path(ns)    Netlist Resource(s)
  -------------------------------------------------------------------    -------------------
                         (clock sys_clk_pin rise edge)
                                                      0.000     0.000 r  
    K17                                               0.000     0.000 r  sys_clk (IN)
                         net (fo=0)                   0.000     0.000    sys_clk
    K17                  IBUF (Prop_ibuf_I_O)         0.243     0.243 r  sys_clk_IBUF_inst/O
                         net (fo=1, routed)           0.842     1.084    sys_clk_IBUF
    BUFGCTRL_X0Y16       BUFG (Prop_bufg_I_O)         0.026     1.110 r  sys_clk_IBUF_BUFG_inst/O
                         net (fo=27, routed)          0.717     1.827    blinking_led_inst/sys_clk
    SLICE_X112Y108       FDRE                                         r  blinking_led_inst/led_control_proc.counter_reg[10]/C
  -------------------------------------------------------------------    -------------------
    SLICE_X112Y108       FDRE (Prop_fdre_C_Q)         0.164     1.991 r  blinking_led_inst/led_control_proc.counter_reg[10]/Q
                         net (fo=2, routed)           0.126     2.117    blinking_led_inst/led_control_proc.counter_reg[10]
    SLICE_X112Y108       CARRY4 (Prop_carry4_S[2]_O[2])
                                                      0.110     2.227 r  blinking_led_inst/led_control_proc.counter_reg[8]_i_1/O[2]
                         net (fo=1, routed)           0.000     2.227    blinking_led_inst/led_control_proc.counter_reg[8]_i_1_n_5
    SLICE_X112Y108       FDRE                                         r  blinking_led_inst/led_control_proc.counter_reg[10]/D
  -------------------------------------------------------------------    -------------------

                         (clock sys_clk_pin rise edge)
                                                      0.000     0.000 r  
    K17                                               0.000     0.000 r  sys_clk (IN)
                         net (fo=0)                   0.000     0.000    sys_clk
    K17                  IBUF (Prop_ibuf_I_O)         0.431     0.431 r  sys_clk_IBUF_inst/O
                         net (fo=1, routed)           0.907     1.338    sys_clk_IBUF
    BUFGCTRL_X0Y16       BUFG (Prop_bufg_I_O)         0.029     1.367 r  sys_clk_IBUF_BUFG_inst/O
                         net (fo=27, routed)          0.993     2.360    blinking_led_inst/sys_clk
    SLICE_X112Y108       FDRE                                         r  blinking_led_inst/led_control_proc.counter_reg[10]/C
                         clock pessimism             -0.532     1.827    
    SLICE_X112Y108       FDRE (Hold_fdre_C_D)         0.134     1.961    blinking_led_inst/led_control_proc.counter_reg[10]
  -------------------------------------------------------------------
                         required time                         -1.961    
                         arrival time                           2.227    
  -------------------------------------------------------------------
                         slack                                  0.266    

Slack (MET) :             0.267ns  (arrival time - required time)
  Source:                 blinking_led_inst/led_control_proc.counter_reg[2]/C
                            (rising edge-triggered cell FDRE clocked by sys_clk_pin  {rise@0.000ns fall@4.000ns period=8.000ns})
  Destination:            blinking_led_inst/led_control_proc.counter_reg[2]/D
                            (rising edge-triggered cell FDRE clocked by sys_clk_pin  {rise@0.000ns fall@4.000ns period=8.000ns})
  Path Group:             sys_clk_pin
  Path Type:              Hold (Min at Fast Process Corner)
  Requirement:            0.000ns  (sys_clk_pin rise@0.000ns - sys_clk_pin rise@0.000ns)
  Data Path Delay:        0.401ns  (logic 0.274ns (68.412%)  route 0.127ns (31.588%))
  Logic Levels:           1  (CARRY4=1)
  Clock Path Skew:        0.000ns (DCD - SCD - CPR)
    Destination Clock Delay (DCD):    2.361ns
    Source Clock Delay      (SCD):    1.828ns
    Clock Pessimism Removal (CPR):    0.532ns

    Location             Delay type                Incr(ns)  Path(ns)    Netlist Resource(s)
  -------------------------------------------------------------------    -------------------
                         (clock sys_clk_pin rise edge)
                                                      0.000     0.000 r  
    K17                                               0.000     0.000 r  sys_clk (IN)
                         net (fo=0)                   0.000     0.000    sys_clk
    K17                  IBUF (Prop_ibuf_I_O)         0.243     0.243 r  sys_clk_IBUF_inst/O
                         net (fo=1, routed)           0.842     1.084    sys_clk_IBUF
    BUFGCTRL_X0Y16       BUFG (Prop_bufg_I_O)         0.026     1.110 r  sys_clk_IBUF_BUFG_inst/O
                         net (fo=27, routed)          0.718     1.828    blinking_led_inst/sys_clk
    SLICE_X112Y106       FDRE                                         r  blinking_led_inst/led_control_proc.counter_reg[2]/C
  -------------------------------------------------------------------    -------------------
    SLICE_X112Y106       FDRE (Prop_fdre_C_Q)         0.164     1.992 r  blinking_led_inst/led_control_proc.counter_reg[2]/Q
                         net (fo=2, routed)           0.127     2.119    blinking_led_inst/led_control_proc.counter_reg[2]
    SLICE_X112Y106       CARRY4 (Prop_carry4_S[2]_O[2])
                                                      0.110     2.229 r  blinking_led_inst/led_control_proc.counter_reg[0]_i_2/O[2]
                         net (fo=1, routed)           0.000     2.229    blinking_led_inst/led_control_proc.counter_reg[0]_i_2_n_5
    SLICE_X112Y106       FDRE                                         r  blinking_led_inst/led_control_proc.counter_reg[2]/D
  -------------------------------------------------------------------    -------------------

                         (clock sys_clk_pin rise edge)
                                                      0.000     0.000 r  
    K17                                               0.000     0.000 r  sys_clk (IN)
                         net (fo=0)                   0.000     0.000    sys_clk
    K17                  IBUF (Prop_ibuf_I_O)         0.431     0.431 r  sys_clk_IBUF_inst/O
                         net (fo=1, routed)           0.907     1.338    sys_clk_IBUF
    BUFGCTRL_X0Y16       BUFG (Prop_bufg_I_O)         0.029     1.367 r  sys_clk_IBUF_BUFG_inst/O
                         net (fo=27, routed)          0.994     2.361    blinking_led_inst/sys_clk
    SLICE_X112Y106       FDRE                                         r  blinking_led_inst/led_control_proc.counter_reg[2]/C
                         clock pessimism             -0.532     1.828    
    SLICE_X112Y106       FDRE (Hold_fdre_C_D)         0.134     1.962    blinking_led_inst/led_control_proc.counter_reg[2]
  -------------------------------------------------------------------
                         required time                         -1.962    
                         arrival time                           2.229    
  -------------------------------------------------------------------
                         slack                                  0.267    

Slack (MET) :             0.267ns  (arrival time - required time)
  Source:                 blinking_led_inst/led_control_proc.counter_reg[14]/C
                            (rising edge-triggered cell FDRE clocked by sys_clk_pin  {rise@0.000ns fall@4.000ns period=8.000ns})
  Destination:            blinking_led_inst/led_control_proc.counter_reg[14]/D
                            (rising edge-triggered cell FDRE clocked by sys_clk_pin  {rise@0.000ns fall@4.000ns period=8.000ns})
  Path Group:             sys_clk_pin
  Path Type:              Hold (Min at Fast Process Corner)
  Requirement:            0.000ns  (sys_clk_pin rise@0.000ns - sys_clk_pin rise@0.000ns)
  Data Path Delay:        0.401ns  (logic 0.274ns (68.412%)  route 0.127ns (31.588%))
  Logic Levels:           1  (CARRY4=1)
  Clock Path Skew:        0.000ns (DCD - SCD - CPR)
    Destination Clock Delay (DCD):    2.360ns
    Source Clock Delay      (SCD):    1.827ns
    Clock Pessimism Removal (CPR):    0.532ns

    Location             Delay type                Incr(ns)  Path(ns)    Netlist Resource(s)
  -------------------------------------------------------------------    -------------------
                         (clock sys_clk_pin rise edge)
                                                      0.000     0.000 r  
    K17                                               0.000     0.000 r  sys_clk (IN)
                         net (fo=0)                   0.000     0.000    sys_clk
    K17                  IBUF (Prop_ibuf_I_O)         0.243     0.243 r  sys_clk_IBUF_inst/O
                         net (fo=1, routed)           0.842     1.084    sys_clk_IBUF
    BUFGCTRL_X0Y16       BUFG (Prop_bufg_I_O)         0.026     1.110 r  sys_clk_IBUF_BUFG_inst/O
                         net (fo=27, routed)          0.717     1.827    blinking_led_inst/sys_clk
    SLICE_X112Y109       FDRE                                         r  blinking_led_inst/led_control_proc.counter_reg[14]/C
  -------------------------------------------------------------------    -------------------
    SLICE_X112Y109       FDRE (Prop_fdre_C_Q)         0.164     1.991 r  blinking_led_inst/led_control_proc.counter_reg[14]/Q
                         net (fo=2, routed)           0.127     2.118    blinking_led_inst/led_control_proc.counter_reg[14]
    SLICE_X112Y109       CARRY4 (Prop_carry4_S[2]_O[2])
                                                      0.110     2.228 r  blinking_led_inst/led_control_proc.counter_reg[12]_i_1/O[2]
                         net (fo=1, routed)           0.000     2.228    blinking_led_inst/led_control_proc.counter_reg[12]_i_1_n_5
    SLICE_X112Y109       FDRE                                         r  blinking_led_inst/led_control_proc.counter_reg[14]/D
  -------------------------------------------------------------------    -------------------

                         (clock sys_clk_pin rise edge)
                                                      0.000     0.000 r  
    K17                                               0.000     0.000 r  sys_clk (IN)
                         net (fo=0)                   0.000     0.000    sys_clk
    K17                  IBUF (Prop_ibuf_I_O)         0.431     0.431 r  sys_clk_IBUF_inst/O
                         net (fo=1, routed)           0.907     1.338    sys_clk_IBUF
    BUFGCTRL_X0Y16       BUFG (Prop_bufg_I_O)         0.029     1.367 r  sys_clk_IBUF_BUFG_inst/O
                         net (fo=27, routed)          0.993     2.360    blinking_led_inst/sys_clk
    SLICE_X112Y109       FDRE                                         r  blinking_led_inst/led_control_proc.counter_reg[14]/C
                         clock pessimism             -0.532     1.827    
    SLICE_X112Y109       FDRE (Hold_fdre_C_D)         0.134     1.961    blinking_led_inst/led_control_proc.counter_reg[14]
  -------------------------------------------------------------------
                         required time                         -1.961    
                         arrival time                           2.228    
  -------------------------------------------------------------------
                         slack                                  0.267    

Slack (MET) :             0.301ns  (arrival time - required time)
  Source:                 blinking_led_inst/led_control_proc.counter_reg[18]/C
                            (rising edge-triggered cell FDRE clocked by sys_clk_pin  {rise@0.000ns fall@4.000ns period=8.000ns})
  Destination:            blinking_led_inst/led_control_proc.counter_reg[19]/D
                            (rising edge-triggered cell FDRE clocked by sys_clk_pin  {rise@0.000ns fall@4.000ns period=8.000ns})
  Path Group:             sys_clk_pin
  Path Type:              Hold (Min at Fast Process Corner)
  Requirement:            0.000ns  (sys_clk_pin rise@0.000ns - sys_clk_pin rise@0.000ns)
  Data Path Delay:        0.435ns  (logic 0.310ns (71.185%)  route 0.125ns (28.815%))
  Logic Levels:           1  (CARRY4=1)
  Clock Path Skew:        0.000ns (DCD - SCD - CPR)
    Destination Clock Delay (DCD):    2.359ns
    Source Clock Delay      (SCD):    1.826ns
    Clock Pessimism Removal (CPR):    0.532ns

    Location             Delay type                Incr(ns)  Path(ns)    Netlist Resource(s)
  -------------------------------------------------------------------    -------------------
                         (clock sys_clk_pin rise edge)
                                                      0.000     0.000 r  
    K17                                               0.000     0.000 r  sys_clk (IN)
                         net (fo=0)                   0.000     0.000    sys_clk
    K17                  IBUF (Prop_ibuf_I_O)         0.243     0.243 r  sys_clk_IBUF_inst/O
                         net (fo=1, routed)           0.842     1.084    sys_clk_IBUF
    BUFGCTRL_X0Y16       BUFG (Prop_bufg_I_O)         0.026     1.110 r  sys_clk_IBUF_BUFG_inst/O
                         net (fo=27, routed)          0.716     1.826    blinking_led_inst/sys_clk
    SLICE_X112Y110       FDRE                                         r  blinking_led_inst/led_control_proc.counter_reg[18]/C
  -------------------------------------------------------------------    -------------------
    SLICE_X112Y110       FDRE (Prop_fdre_C_Q)         0.164     1.990 r  blinking_led_inst/led_control_proc.counter_reg[18]/Q
                         net (fo=2, routed)           0.125     2.116    blinking_led_inst/led_control_proc.counter_reg[18]
    SLICE_X112Y110       CARRY4 (Prop_carry4_S[2]_O[3])
                                                      0.146     2.262 r  blinking_led_inst/led_control_proc.counter_reg[16]_i_1/O[3]
                         net (fo=1, routed)           0.000     2.262    blinking_led_inst/led_control_proc.counter_reg[16]_i_1_n_4
    SLICE_X112Y110       FDRE                                         r  blinking_led_inst/led_control_proc.counter_reg[19]/D
  -------------------------------------------------------------------    -------------------

                         (clock sys_clk_pin rise edge)
                                                      0.000     0.000 r  
    K17                                               0.000     0.000 r  sys_clk (IN)
                         net (fo=0)                   0.000     0.000    sys_clk
    K17                  IBUF (Prop_ibuf_I_O)         0.431     0.431 r  sys_clk_IBUF_inst/O
                         net (fo=1, routed)           0.907     1.338    sys_clk_IBUF
    BUFGCTRL_X0Y16       BUFG (Prop_bufg_I_O)         0.029     1.367 r  sys_clk_IBUF_BUFG_inst/O
                         net (fo=27, routed)          0.992     2.359    blinking_led_inst/sys_clk
    SLICE_X112Y110       FDRE                                         r  blinking_led_inst/led_control_proc.counter_reg[19]/C
                         clock pessimism             -0.532     1.826    
    SLICE_X112Y110       FDRE (Hold_fdre_C_D)         0.134     1.960    blinking_led_inst/led_control_proc.counter_reg[19]
  -------------------------------------------------------------------
                         required time                         -1.960    
                         arrival time                           2.262    
  -------------------------------------------------------------------
                         slack                                  0.301    

Slack (MET) :             0.301ns  (arrival time - required time)
  Source:                 blinking_led_inst/led_control_proc.counter_reg[22]/C
                            (rising edge-triggered cell FDRE clocked by sys_clk_pin  {rise@0.000ns fall@4.000ns period=8.000ns})
  Destination:            blinking_led_inst/led_control_proc.counter_reg[23]/D
                            (rising edge-triggered cell FDRE clocked by sys_clk_pin  {rise@0.000ns fall@4.000ns period=8.000ns})
  Path Group:             sys_clk_pin
  Path Type:              Hold (Min at Fast Process Corner)
  Requirement:            0.000ns  (sys_clk_pin rise@0.000ns - sys_clk_pin rise@0.000ns)
  Data Path Delay:        0.435ns  (logic 0.310ns (71.185%)  route 0.125ns (28.815%))
  Logic Levels:           1  (CARRY4=1)
  Clock Path Skew:        0.000ns (DCD - SCD - CPR)
    Destination Clock Delay (DCD):    2.359ns
    Source Clock Delay      (SCD):    1.826ns
    Clock Pessimism Removal (CPR):    0.532ns

    Location             Delay type                Incr(ns)  Path(ns)    Netlist Resource(s)
  -------------------------------------------------------------------    -------------------
                         (clock sys_clk_pin rise edge)
                                                      0.000     0.000 r  
    K17                                               0.000     0.000 r  sys_clk (IN)
                         net (fo=0)                   0.000     0.000    sys_clk
    K17                  IBUF (Prop_ibuf_I_O)         0.243     0.243 r  sys_clk_IBUF_inst/O
                         net (fo=1, routed)           0.842     1.084    sys_clk_IBUF
    BUFGCTRL_X0Y16       BUFG (Prop_bufg_I_O)         0.026     1.110 r  sys_clk_IBUF_BUFG_inst/O
                         net (fo=27, routed)          0.716     1.826    blinking_led_inst/sys_clk
    SLICE_X112Y111       FDRE                                         r  blinking_led_inst/led_control_proc.counter_reg[22]/C
  -------------------------------------------------------------------    -------------------
    SLICE_X112Y111       FDRE (Prop_fdre_C_Q)         0.164     1.990 r  blinking_led_inst/led_control_proc.counter_reg[22]/Q
                         net (fo=2, routed)           0.125     2.116    blinking_led_inst/led_control_proc.counter_reg[22]
    SLICE_X112Y111       CARRY4 (Prop_carry4_S[2]_O[3])
                                                      0.146     2.262 r  blinking_led_inst/led_control_proc.counter_reg[20]_i_1/O[3]
                         net (fo=1, routed)           0.000     2.262    blinking_led_inst/led_control_proc.counter_reg[20]_i_1_n_4
    SLICE_X112Y111       FDRE                                         r  blinking_led_inst/led_control_proc.counter_reg[23]/D
  -------------------------------------------------------------------    -------------------

                         (clock sys_clk_pin rise edge)
                                                      0.000     0.000 r  
    K17                                               0.000     0.000 r  sys_clk (IN)
                         net (fo=0)                   0.000     0.000    sys_clk
    K17                  IBUF (Prop_ibuf_I_O)         0.431     0.431 r  sys_clk_IBUF_inst/O
                         net (fo=1, routed)           0.907     1.338    sys_clk_IBUF
    BUFGCTRL_X0Y16       BUFG (Prop_bufg_I_O)         0.029     1.367 r  sys_clk_IBUF_BUFG_inst/O
                         net (fo=27, routed)          0.992     2.359    blinking_led_inst/sys_clk
    SLICE_X112Y111       FDRE                                         r  blinking_led_inst/led_control_proc.counter_reg[23]/C
                         clock pessimism             -0.532     1.826    
    SLICE_X112Y111       FDRE (Hold_fdre_C_D)         0.134     1.960    blinking_led_inst/led_control_proc.counter_reg[23]
  -------------------------------------------------------------------
                         required time                         -1.960    
                         arrival time                           2.262    
  -------------------------------------------------------------------
                         slack                                  0.301    

Slack (MET) :             0.301ns  (arrival time - required time)
  Source:                 blinking_led_inst/led_control_proc.counter_reg[6]/C
                            (rising edge-triggered cell FDRE clocked by sys_clk_pin  {rise@0.000ns fall@4.000ns period=8.000ns})
  Destination:            blinking_led_inst/led_control_proc.counter_reg[7]/D
                            (rising edge-triggered cell FDRE clocked by sys_clk_pin  {rise@0.000ns fall@4.000ns period=8.000ns})
  Path Group:             sys_clk_pin
  Path Type:              Hold (Min at Fast Process Corner)
  Requirement:            0.000ns  (sys_clk_pin rise@0.000ns - sys_clk_pin rise@0.000ns)
  Data Path Delay:        0.435ns  (logic 0.310ns (71.185%)  route 0.125ns (28.815%))
  Logic Levels:           1  (CARRY4=1)
  Clock Path Skew:        0.000ns (DCD - SCD - CPR)
    Destination Clock Delay (DCD):    2.360ns
    Source Clock Delay      (SCD):    1.827ns
    Clock Pessimism Removal (CPR):    0.532ns

    Location             Delay type                Incr(ns)  Path(ns)    Netlist Resource(s)
  -------------------------------------------------------------------    -------------------
                         (clock sys_clk_pin rise edge)
                                                      0.000     0.000 r  
    K17                                               0.000     0.000 r  sys_clk (IN)
                         net (fo=0)                   0.000     0.000    sys_clk
    K17                  IBUF (Prop_ibuf_I_O)         0.243     0.243 r  sys_clk_IBUF_inst/O
                         net (fo=1, routed)           0.842     1.084    sys_clk_IBUF
    BUFGCTRL_X0Y16       BUFG (Prop_bufg_I_O)         0.026     1.110 r  sys_clk_IBUF_BUFG_inst/O
                         net (fo=27, routed)          0.717     1.827    blinking_led_inst/sys_clk
    SLICE_X112Y107       FDRE                                         r  blinking_led_inst/led_control_proc.counter_reg[6]/C
  -------------------------------------------------------------------    -------------------
    SLICE_X112Y107       FDRE (Prop_fdre_C_Q)         0.164     1.991 r  blinking_led_inst/led_control_proc.counter_reg[6]/Q
                         net (fo=2, routed)           0.125     2.117    blinking_led_inst/led_control_proc.counter_reg[6]
    SLICE_X112Y107       CARRY4 (Prop_carry4_S[2]_O[3])
                                                      0.146     2.263 r  blinking_led_inst/led_control_proc.counter_reg[4]_i_1/O[3]
                         net (fo=1, routed)           0.000     2.263    blinking_led_inst/led_control_proc.counter_reg[4]_i_1_n_4
    SLICE_X112Y107       FDRE                                         r  blinking_led_inst/led_control_proc.counter_reg[7]/D
  -------------------------------------------------------------------    -------------------

                         (clock sys_clk_pin rise edge)
                                                      0.000     0.000 r  
    K17                                               0.000     0.000 r  sys_clk (IN)
                         net (fo=0)                   0.000     0.000    sys_clk
    K17                  IBUF (Prop_ibuf_I_O)         0.431     0.431 r  sys_clk_IBUF_inst/O
                         net (fo=1, routed)           0.907     1.338    sys_clk_IBUF
    BUFGCTRL_X0Y16       BUFG (Prop_bufg_I_O)         0.029     1.367 r  sys_clk_IBUF_BUFG_inst/O
                         net (fo=27, routed)          0.993     2.360    blinking_led_inst/sys_clk
    SLICE_X112Y107       FDRE                                         r  blinking_led_inst/led_control_proc.counter_reg[7]/C
                         clock pessimism             -0.532     1.827    
    SLICE_X112Y107       FDRE (Hold_fdre_C_D)         0.134     1.961    blinking_led_inst/led_control_proc.counter_reg[7]
  -------------------------------------------------------------------
                         required time                         -1.961    
                         arrival time                           2.263    
  -------------------------------------------------------------------
                         slack                                  0.301    

Slack (MET) :             0.302ns  (arrival time - required time)
  Source:                 blinking_led_inst/led_control_proc.counter_reg[10]/C
                            (rising edge-triggered cell FDRE clocked by sys_clk_pin  {rise@0.000ns fall@4.000ns period=8.000ns})
  Destination:            blinking_led_inst/led_control_proc.counter_reg[11]/D
                            (rising edge-triggered cell FDRE clocked by sys_clk_pin  {rise@0.000ns fall@4.000ns period=8.000ns})
  Path Group:             sys_clk_pin
  Path Type:              Hold (Min at Fast Process Corner)
  Requirement:            0.000ns  (sys_clk_pin rise@0.000ns - sys_clk_pin rise@0.000ns)
  Data Path Delay:        0.436ns  (logic 0.310ns (71.124%)  route 0.126ns (28.876%))
  Logic Levels:           1  (CARRY4=1)
  Clock Path Skew:        0.000ns (DCD - SCD - CPR)
    Destination Clock Delay (DCD):    2.360ns
    Source Clock Delay      (SCD):    1.827ns
    Clock Pessimism Removal (CPR):    0.532ns

    Location             Delay type                Incr(ns)  Path(ns)    Netlist Resource(s)
  -------------------------------------------------------------------    -------------------
                         (clock sys_clk_pin rise edge)
                                                      0.000     0.000 r  
    K17                                               0.000     0.000 r  sys_clk (IN)
                         net (fo=0)                   0.000     0.000    sys_clk
    K17                  IBUF (Prop_ibuf_I_O)         0.243     0.243 r  sys_clk_IBUF_inst/O
                         net (fo=1, routed)           0.842     1.084    sys_clk_IBUF
    BUFGCTRL_X0Y16       BUFG (Prop_bufg_I_O)         0.026     1.110 r  sys_clk_IBUF_BUFG_inst/O
                         net (fo=27, routed)          0.717     1.827    blinking_led_inst/sys_clk
    SLICE_X112Y108       FDRE                                         r  blinking_led_inst/led_control_proc.counter_reg[10]/C
  -------------------------------------------------------------------    -------------------
    SLICE_X112Y108       FDRE (Prop_fdre_C_Q)         0.164     1.991 r  blinking_led_inst/led_control_proc.counter_reg[10]/Q
                         net (fo=2, routed)           0.126     2.117    blinking_led_inst/led_control_proc.counter_reg[10]
    SLICE_X112Y108       CARRY4 (Prop_carry4_S[2]_O[3])
                                                      0.146     2.263 r  blinking_led_inst/led_control_proc.counter_reg[8]_i_1/O[3]
                         net (fo=1, routed)           0.000     2.263    blinking_led_inst/led_control_proc.counter_reg[8]_i_1_n_4
    SLICE_X112Y108       FDRE                                         r  blinking_led_inst/led_control_proc.counter_reg[11]/D
  -------------------------------------------------------------------    -------------------

                         (clock sys_clk_pin rise edge)
                                                      0.000     0.000 r  
    K17                                               0.000     0.000 r  sys_clk (IN)
                         net (fo=0)                   0.000     0.000    sys_clk
    K17                  IBUF (Prop_ibuf_I_O)         0.431     0.431 r  sys_clk_IBUF_inst/O
                         net (fo=1, routed)           0.907     1.338    sys_clk_IBUF
    BUFGCTRL_X0Y16       BUFG (Prop_bufg_I_O)         0.029     1.367 r  sys_clk_IBUF_BUFG_inst/O
                         net (fo=27, routed)          0.993     2.360    blinking_led_inst/sys_clk
    SLICE_X112Y108       FDRE                                         r  blinking_led_inst/led_control_proc.counter_reg[11]/C
                         clock pessimism             -0.532     1.827    
    SLICE_X112Y108       FDRE (Hold_fdre_C_D)         0.134     1.961    blinking_led_inst/led_control_proc.counter_reg[11]
  -------------------------------------------------------------------
                         required time                         -1.961    
                         arrival time                           2.263    
  -------------------------------------------------------------------
                         slack                                  0.302    





Pulse Width Checks
--------------------------------------------------------------------------------------
Clock Name:         sys_clk_pin
Waveform(ns):       { 0.000 4.000 }
Period(ns):         8.000
Sources:            { sys_clk }

Check Type        Corner  Lib Pin  Reference Pin  Required(ns)  Actual(ns)  Slack(ns)  Location        Pin
Min Period        n/a     BUFG/I   n/a            2.155         8.000       5.845      BUFGCTRL_X0Y16  sys_clk_IBUF_BUFG_inst/I
Min Period        n/a     FDRE/C   n/a            1.000         8.000       7.000      SLICE_X112Y106  blinking_led_inst/led_control_proc.counter_reg[0]/C
Min Period        n/a     FDRE/C   n/a            1.000         8.000       7.000      SLICE_X112Y108  blinking_led_inst/led_control_proc.counter_reg[10]/C
Min Period        n/a     FDRE/C   n/a            1.000         8.000       7.000      SLICE_X112Y108  blinking_led_inst/led_control_proc.counter_reg[11]/C
Min Period        n/a     FDRE/C   n/a            1.000         8.000       7.000      SLICE_X112Y109  blinking_led_inst/led_control_proc.counter_reg[12]/C
Min Period        n/a     FDRE/C   n/a            1.000         8.000       7.000      SLICE_X112Y109  blinking_led_inst/led_control_proc.counter_reg[13]/C
Min Period        n/a     FDRE/C   n/a            1.000         8.000       7.000      SLICE_X112Y109  blinking_led_inst/led_control_proc.counter_reg[14]/C
Min Period        n/a     FDRE/C   n/a            1.000         8.000       7.000      SLICE_X112Y109  blinking_led_inst/led_control_proc.counter_reg[15]/C
Min Period        n/a     FDRE/C   n/a            1.000         8.000       7.000      SLICE_X112Y110  blinking_led_inst/led_control_proc.counter_reg[16]/C
Min Period        n/a     FDRE/C   n/a            1.000         8.000       7.000      SLICE_X112Y110  blinking_led_inst/led_control_proc.counter_reg[17]/C
Low Pulse Width   Slow    FDRE/C   n/a            0.500         4.000       3.500      SLICE_X112Y106  blinking_led_inst/led_control_proc.counter_reg[0]/C
Low Pulse Width   Fast    FDRE/C   n/a            0.500         4.000       3.500      SLICE_X112Y106  blinking_led_inst/led_control_proc.counter_reg[0]/C
Low Pulse Width   Slow    FDRE/C   n/a            0.500         4.000       3.500      SLICE_X112Y108  blinking_led_inst/led_control_proc.counter_reg[10]/C
Low Pulse Width   Fast    FDRE/C   n/a            0.500         4.000       3.500      SLICE_X112Y108  blinking_led_inst/led_control_proc.counter_reg[10]/C
Low Pulse Width   Slow    FDRE/C   n/a            0.500         4.000       3.500      SLICE_X112Y108  blinking_led_inst/led_control_proc.counter_reg[11]/C
Low Pulse Width   Fast    FDRE/C   n/a            0.500         4.000       3.500      SLICE_X112Y108  blinking_led_inst/led_control_proc.counter_reg[11]/C
Low Pulse Width   Slow    FDRE/C   n/a            0.500         4.000       3.500      SLICE_X112Y109  blinking_led_inst/led_control_proc.counter_reg[12]/C
Low Pulse Width   Fast    FDRE/C   n/a            0.500         4.000       3.500      SLICE_X112Y109  blinking_led_inst/led_control_proc.counter_reg[12]/C
Low Pulse Width   Slow    FDRE/C   n/a            0.500         4.000       3.500      SLICE_X112Y109  blinking_led_inst/led_control_proc.counter_reg[13]/C
Low Pulse Width   Fast    FDRE/C   n/a            0.500         4.000       3.500      SLICE_X112Y109  blinking_led_inst/led_control_proc.counter_reg[13]/C
High Pulse Width  Slow    FDRE/C   n/a            0.500         4.000       3.500      SLICE_X112Y106  blinking_led_inst/led_control_proc.counter_reg[0]/C
High Pulse Width  Fast    FDRE/C   n/a            0.500         4.000       3.500      SLICE_X112Y106  blinking_led_inst/led_control_proc.counter_reg[0]/C
High Pulse Width  Slow    FDRE/C   n/a            0.500         4.000       3.500      SLICE_X112Y108  blinking_led_inst/led_control_proc.counter_reg[10]/C
High Pulse Width  Fast    FDRE/C   n/a            0.500         4.000       3.500      SLICE_X112Y108  blinking_led_inst/led_control_proc.counter_reg[10]/C
High Pulse Width  Slow    FDRE/C   n/a            0.500         4.000       3.500      SLICE_X112Y108  blinking_led_inst/led_control_proc.counter_reg[11]/C
High Pulse Width  Fast    FDRE/C   n/a            0.500         4.000       3.500      SLICE_X112Y108  blinking_led_inst/led_control_proc.counter_reg[11]/C
High Pulse Width  Slow    FDRE/C   n/a            0.500         4.000       3.500      SLICE_X112Y109  blinking_led_inst/led_control_proc.counter_reg[12]/C
High Pulse Width  Fast    FDRE/C   n/a            0.500         4.000       3.500      SLICE_X112Y109  blinking_led_inst/led_control_proc.counter_reg[12]/C
High Pulse Width  Slow    FDRE/C   n/a            0.500         4.000       3.500      SLICE_X112Y109  blinking_led_inst/led_control_proc.counter_reg[13]/C
High Pulse Width  Fast    FDRE/C   n/a            0.500         4.000       3.500      SLICE_X112Y109  blinking_led_inst/led_control_proc.counter_reg[13]/C



--------------------------------------------------------------------------------------
Path Group:  (none)
From Clock:  
  To Clock:  

Max Delay             3 Endpoints
Min Delay             3 Endpoints
--------------------------------------------------------------------------------------


Max Delay Paths
--------------------------------------------------------------------------------------
Slack:                    inf
  Source:                 sw[1]
                            (input port)
  Destination:            rgb_out[1]
                            (output port)
  Path Group:             (none)
  Path Type:              Max at Slow Process Corner
  Data Path Delay:        10.706ns  (logic 5.324ns (49.732%)  route 5.382ns (50.268%))
  Logic Levels:           3  (IBUF=1 LUT2=1 OBUF=1)

    Location             Delay type                Incr(ns)  Path(ns)    Netlist Resource(s)
  -------------------------------------------------------------------    -------------------
    P15                                               0.000     0.000 r  sw[1] (IN)
                         net (fo=0)                   0.000     0.000    sw[1]
    P15                  IBUF (Prop_ibuf_I_O)         1.480     1.480 r  sw_IBUF[1]_inst/O
                         net (fo=3, routed)           2.742     4.222    blinking_led_inst/sw_IBUF[1]
    SLICE_X113Y111       LUT2 (Prop_lut2_I0_O)        0.152     4.374 r  blinking_led_inst/rgb_out_OBUF[1]_inst_i_1/O
                         net (fo=1, routed)           2.640     7.014    rgb_out_OBUF[1]
    F17                  OBUF (Prop_obuf_I_O)         3.693    10.706 r  rgb_out_OBUF[1]_inst/O
                         net (fo=0)                   0.000    10.706    rgb_out[1]
    F17                                                               r  rgb_out[1] (OUT)
  -------------------------------------------------------------------    -------------------

Slack:                    inf
  Source:                 sw[0]
                            (input port)
  Destination:            rgb_out[0]
                            (output port)
  Path Group:             (none)
  Path Type:              Max at Slow Process Corner
  Data Path Delay:        9.711ns  (logic 5.145ns (52.977%)  route 4.566ns (47.023%))
  Logic Levels:           3  (IBUF=1 LUT2=1 OBUF=1)

    Location             Delay type                Incr(ns)  Path(ns)    Netlist Resource(s)
  -------------------------------------------------------------------    -------------------
    G15                                               0.000     0.000 r  sw[0] (IN)
                         net (fo=0)                   0.000     0.000    sw[0]
    G15                  IBUF (Prop_ibuf_I_O)         1.468     1.468 r  sw_IBUF[0]_inst/O
                         net (fo=3, routed)           1.384     2.852    blinking_led_inst/sw_IBUF[0]
    SLICE_X113Y110       LUT2 (Prop_lut2_I0_O)        0.124     2.976 r  blinking_led_inst/rgb_out_OBUF[0]_inst_i_1/O
                         net (fo=1, routed)           3.182     6.158    rgb_out_OBUF[0]
    V16                  OBUF (Prop_obuf_I_O)         3.553     9.711 r  rgb_out_OBUF[0]_inst/O
                         net (fo=0)                   0.000     9.711    rgb_out[0]
    V16                                                               r  rgb_out[0] (OUT)
  -------------------------------------------------------------------    -------------------

Slack:                    inf
  Source:                 sw[2]
                            (input port)
  Destination:            rgb_out[2]
                            (output port)
  Path Group:             (none)
  Path Type:              Max at Slow Process Corner
  Data Path Delay:        9.701ns  (logic 5.267ns (54.293%)  route 4.434ns (45.707%))
  Logic Levels:           3  (IBUF=1 LUT2=1 OBUF=1)

    Location             Delay type                Incr(ns)  Path(ns)    Netlist Resource(s)
  -------------------------------------------------------------------    -------------------
    W13                                               0.000     0.000 r  sw[2] (IN)
                         net (fo=0)                   0.000     0.000    sw[2]
    W13                  IBUF (Prop_ibuf_I_O)         1.531     1.531 r  sw_IBUF[2]_inst/O
                         net (fo=3, routed)           1.962     3.494    blinking_led_inst/sw_IBUF[2]
    SLICE_X113Y111       LUT2 (Prop_lut2_I1_O)        0.124     3.618 r  blinking_led_inst/rgb_out_OBUF[2]_inst_i_1/O
                         net (fo=1, routed)           2.472     6.090    rgb_out_OBUF[2]
    M17                  OBUF (Prop_obuf_I_O)         3.612     9.701 r  rgb_out_OBUF[2]_inst/O
                         net (fo=0)                   0.000     9.701    rgb_out[2]
    M17                                                               r  rgb_out[2] (OUT)
  -------------------------------------------------------------------    -------------------





Min Delay Paths
--------------------------------------------------------------------------------------
Slack:                    inf
  Source:                 sw[0]
                            (input port)
  Destination:            rgb_out[0]
                            (output port)
  Path Group:             (none)
  Path Type:              Min at Fast Process Corner
  Data Path Delay:        3.063ns  (logic 1.534ns (50.097%)  route 1.528ns (49.903%))
  Logic Levels:           3  (IBUF=1 LUT2=1 OBUF=1)

    Location             Delay type                Incr(ns)  Path(ns)    Netlist Resource(s)
  -------------------------------------------------------------------    -------------------
    G15                                               0.000     0.000 r  sw[0] (IN)
                         net (fo=0)                   0.000     0.000    sw[0]
    G15                  IBUF (Prop_ibuf_I_O)         0.236     0.236 r  sw_IBUF[0]_inst/O
                         net (fo=3, routed)           0.529     0.765    blinking_led_inst/sw_IBUF[0]
    SLICE_X113Y110       LUT2 (Prop_lut2_I0_O)        0.045     0.810 r  blinking_led_inst/rgb_out_OBUF[0]_inst_i_1/O
                         net (fo=1, routed)           0.999     1.809    rgb_out_OBUF[0]
    V16                  OBUF (Prop_obuf_I_O)         1.254     3.063 r  rgb_out_OBUF[0]_inst/O
                         net (fo=0)                   0.000     3.063    rgb_out[0]
    V16                                                               r  rgb_out[0] (OUT)
  -------------------------------------------------------------------    -------------------

Slack:                    inf
  Source:                 sw[2]
                            (input port)
  Destination:            rgb_out[2]
                            (output port)
  Path Group:             (none)
  Path Type:              Min at Fast Process Corner
  Data Path Delay:        3.121ns  (logic 1.656ns (53.051%)  route 1.465ns (46.949%))
  Logic Levels:           3  (IBUF=1 LUT2=1 OBUF=1)

    Location             Delay type                Incr(ns)  Path(ns)    Netlist Resource(s)
  -------------------------------------------------------------------    -------------------
    W13                                               0.000     0.000 r  sw[2] (IN)
                         net (fo=0)                   0.000     0.000    sw[2]
    W13                  IBUF (Prop_ibuf_I_O)         0.299     0.299 r  sw_IBUF[2]_inst/O
                         net (fo=3, routed)           0.770     1.069    blinking_led_inst/sw_IBUF[2]
    SLICE_X113Y111       LUT2 (Prop_lut2_I1_O)        0.045     1.114 r  blinking_led_inst/rgb_out_OBUF[2]_inst_i_1/O
                         net (fo=1, routed)           0.695     1.809    rgb_out_OBUF[2]
    M17                  OBUF (Prop_obuf_I_O)         1.312     3.121 r  rgb_out_OBUF[2]_inst/O
                         net (fo=0)                   0.000     3.121    rgb_out[2]
    M17                                                               r  rgb_out[2] (OUT)
  -------------------------------------------------------------------    -------------------

Slack:                    inf
  Source:                 sw[1]
                            (input port)
  Destination:            rgb_out[1]
                            (output port)
  Path Group:             (none)
  Path Type:              Min at Fast Process Corner
  Data Path Delay:        3.378ns  (logic 1.546ns (45.748%)  route 1.833ns (54.252%))
  Logic Levels:           3  (IBUF=1 LUT2=1 OBUF=1)

    Location             Delay type                Incr(ns)  Path(ns)    Netlist Resource(s)
  -------------------------------------------------------------------    -------------------
    P15                                               0.000     0.000 r  sw[1] (IN)
                         net (fo=0)                   0.000     0.000    sw[1]
    P15                  IBUF (Prop_ibuf_I_O)         0.248     0.248 r  sw_IBUF[1]_inst/O
                         net (fo=3, routed)           1.069     1.317    blinking_led_inst/sw_IBUF[1]
    SLICE_X113Y111       LUT2 (Prop_lut2_I0_O)        0.044     1.361 r  blinking_led_inst/rgb_out_OBUF[1]_inst_i_1/O
                         net (fo=1, routed)           0.764     2.124    rgb_out_OBUF[1]
    F17                  OBUF (Prop_obuf_I_O)         1.254     3.378 r  rgb_out_OBUF[1]_inst/O
                         net (fo=0)                   0.000     3.378    rgb_out[1]
    F17                                                               r  rgb_out[1] (OUT)
  -------------------------------------------------------------------    -------------------





--------------------------------------------------------------------------------------
Path Group:  (none)
From Clock:  sys_clk_pin
  To Clock:  

Max Delay             3 Endpoints
Min Delay             3 Endpoints
--------------------------------------------------------------------------------------


Max Delay Paths
--------------------------------------------------------------------------------------
Slack:                    inf
  Source:                 blinking_led_inst/led_out_reg/C
                            (rising edge-triggered cell FDRE clocked by sys_clk_pin  {rise@0.000ns fall@4.000ns period=8.000ns})
  Destination:            rgb_out[0]
                            (output port)
  Path Group:             (none)
  Path Type:              Max at Slow Process Corner
  Data Path Delay:        8.050ns  (logic 4.133ns (51.345%)  route 3.917ns (48.655%))
  Logic Levels:           2  (LUT2=1 OBUF=1)
  Clock Uncertainty:      0.025ns  ((TSJ^2 + TIJ^2)^1/2 + DJ) / 2 + PE
    Total System Jitter     (TSJ):    0.050ns
    Total Input Jitter      (TIJ):    0.000ns
    Discrete Jitter          (DJ):    0.000ns
    Phase Error              (PE):    0.000ns

    Location             Delay type                Incr(ns)  Path(ns)    Netlist Resource(s)
  -------------------------------------------------------------------    -------------------
                         (clock sys_clk_pin rise edge)
                                                      0.000     0.000 r  
    K17                                               0.000     0.000 r  sys_clk (IN)
                         net (fo=0)                   0.000     0.000    sys_clk
    K17                  IBUF (Prop_ibuf_I_O)         1.475     1.475 r  sys_clk_IBUF_inst/O
                         net (fo=1, routed)           2.522     3.997    sys_clk_IBUF
    BUFGCTRL_X0Y16       BUFG (Prop_bufg_I_O)         0.101     4.098 r  sys_clk_IBUF_BUFG_inst/O
                         net (fo=27, routed)          2.055     6.153    blinking_led_inst/sys_clk
    SLICE_X113Y110       FDRE                                         r  blinking_led_inst/led_out_reg/C
  -------------------------------------------------------------------    -------------------
    SLICE_X113Y110       FDRE (Prop_fdre_C_Q)         0.456     6.609 r  blinking_led_inst/led_out_reg/Q
                         net (fo=4, routed)           0.734     7.343    blinking_led_inst/led_out
    SLICE_X113Y110       LUT2 (Prop_lut2_I1_O)        0.124     7.467 r  blinking_led_inst/rgb_out_OBUF[0]_inst_i_1/O
                         net (fo=1, routed)           3.182    10.649    rgb_out_OBUF[0]
    V16                  OBUF (Prop_obuf_I_O)         3.553    14.203 r  rgb_out_OBUF[0]_inst/O
                         net (fo=0)                   0.000    14.203    rgb_out[0]
    V16                                                               r  rgb_out[0] (OUT)
  -------------------------------------------------------------------    -------------------

Slack:                    inf
  Source:                 blinking_led_inst/led_out_reg/C
                            (rising edge-triggered cell FDRE clocked by sys_clk_pin  {rise@0.000ns fall@4.000ns period=8.000ns})
  Destination:            rgb_out[1]
                            (output port)
  Path Group:             (none)
  Path Type:              Max at Slow Process Corner
  Data Path Delay:        7.322ns  (logic 4.267ns (58.275%)  route 3.055ns (41.725%))
  Logic Levels:           2  (LUT2=1 OBUF=1)
  Clock Uncertainty:      0.025ns  ((TSJ^2 + TIJ^2)^1/2 + DJ) / 2 + PE
    Total System Jitter     (TSJ):    0.050ns
    Total Input Jitter      (TIJ):    0.000ns
    Discrete Jitter          (DJ):    0.000ns
    Phase Error              (PE):    0.000ns

    Location             Delay type                Incr(ns)  Path(ns)    Netlist Resource(s)
  -------------------------------------------------------------------    -------------------
                         (clock sys_clk_pin rise edge)
                                                      0.000     0.000 r  
    K17                                               0.000     0.000 r  sys_clk (IN)
                         net (fo=0)                   0.000     0.000    sys_clk
    K17                  IBUF (Prop_ibuf_I_O)         1.475     1.475 r  sys_clk_IBUF_inst/O
                         net (fo=1, routed)           2.522     3.997    sys_clk_IBUF
    BUFGCTRL_X0Y16       BUFG (Prop_bufg_I_O)         0.101     4.098 r  sys_clk_IBUF_BUFG_inst/O
                         net (fo=27, routed)          2.055     6.153    blinking_led_inst/sys_clk
    SLICE_X113Y110       FDRE                                         r  blinking_led_inst/led_out_reg/C
  -------------------------------------------------------------------    -------------------
    SLICE_X113Y110       FDRE (Prop_fdre_C_Q)         0.456     6.609 r  blinking_led_inst/led_out_reg/Q
                         net (fo=4, routed)           0.415     7.024    blinking_led_inst/led_out
    SLICE_X113Y111       LUT2 (Prop_lut2_I1_O)        0.118     7.142 r  blinking_led_inst/rgb_out_OBUF[1]_inst_i_1/O
                         net (fo=1, routed)           2.640     9.782    rgb_out_OBUF[1]
    F17                  OBUF (Prop_obuf_I_O)         3.693    13.475 r  rgb_out_OBUF[1]_inst/O
                         net (fo=0)                   0.000    13.475    rgb_out[1]
    F17                                                               r  rgb_out[1] (OUT)
  -------------------------------------------------------------------    -------------------

Slack:                    inf
  Source:                 blinking_led_inst/led_out_reg/C
                            (rising edge-triggered cell FDRE clocked by sys_clk_pin  {rise@0.000ns fall@4.000ns period=8.000ns})
  Destination:            rgb_out[2]
                            (output port)
  Path Group:             (none)
  Path Type:              Max at Slow Process Corner
  Data Path Delay:        7.079ns  (logic 4.192ns (59.213%)  route 2.887ns (40.787%))
  Logic Levels:           2  (LUT2=1 OBUF=1)
  Clock Uncertainty:      0.025ns  ((TSJ^2 + TIJ^2)^1/2 + DJ) / 2 + PE
    Total System Jitter     (TSJ):    0.050ns
    Total Input Jitter      (TIJ):    0.000ns
    Discrete Jitter          (DJ):    0.000ns
    Phase Error              (PE):    0.000ns

    Location             Delay type                Incr(ns)  Path(ns)    Netlist Resource(s)
  -------------------------------------------------------------------    -------------------
                         (clock sys_clk_pin rise edge)
                                                      0.000     0.000 r  
    K17                                               0.000     0.000 r  sys_clk (IN)
                         net (fo=0)                   0.000     0.000    sys_clk
    K17                  IBUF (Prop_ibuf_I_O)         1.475     1.475 r  sys_clk_IBUF_inst/O
                         net (fo=1, routed)           2.522     3.997    sys_clk_IBUF
    BUFGCTRL_X0Y16       BUFG (Prop_bufg_I_O)         0.101     4.098 r  sys_clk_IBUF_BUFG_inst/O
                         net (fo=27, routed)          2.055     6.153    blinking_led_inst/sys_clk
    SLICE_X113Y110       FDRE                                         r  blinking_led_inst/led_out_reg/C
  -------------------------------------------------------------------    -------------------
    SLICE_X113Y110       FDRE (Prop_fdre_C_Q)         0.456     6.609 r  blinking_led_inst/led_out_reg/Q
                         net (fo=4, routed)           0.415     7.024    blinking_led_inst/led_out
    SLICE_X113Y111       LUT2 (Prop_lut2_I0_O)        0.124     7.148 r  blinking_led_inst/rgb_out_OBUF[2]_inst_i_1/O
                         net (fo=1, routed)           2.472     9.620    rgb_out_OBUF[2]
    M17                  OBUF (Prop_obuf_I_O)         3.612    13.232 r  rgb_out_OBUF[2]_inst/O
                         net (fo=0)                   0.000    13.232    rgb_out[2]
    M17                                                               r  rgb_out[2] (OUT)
  -------------------------------------------------------------------    -------------------





Min Delay Paths
--------------------------------------------------------------------------------------
Slack:                    inf
  Source:                 blinking_led_inst/led_out_reg/C
                            (rising edge-triggered cell FDRE clocked by sys_clk_pin  {rise@0.000ns fall@4.000ns period=8.000ns})
  Destination:            rgb_out[2]
                            (output port)
  Path Group:             (none)
  Path Type:              Min at Fast Process Corner
  Data Path Delay:        2.343ns  (logic 1.498ns (63.922%)  route 0.845ns (36.078%))
  Logic Levels:           2  (LUT2=1 OBUF=1)
  Clock Uncertainty:      0.025ns  ((TSJ^2 + TIJ^2)^1/2 + DJ) / 2 + PE
    Total System Jitter     (TSJ):    0.050ns
    Total Input Jitter      (TIJ):    0.000ns
    Discrete Jitter          (DJ):    0.000ns
    Phase Error              (PE):    0.000ns

    Location             Delay type                Incr(ns)  Path(ns)    Netlist Resource(s)
  -------------------------------------------------------------------    -------------------
                         (clock sys_clk_pin rise edge)
                                                      0.000     0.000 r  
    K17                                               0.000     0.000 r  sys_clk (IN)
                         net (fo=0)                   0.000     0.000    sys_clk
    K17                  IBUF (Prop_ibuf_I_O)         0.243     0.243 r  sys_clk_IBUF_inst/O
                         net (fo=1, routed)           0.842     1.084    sys_clk_IBUF
    BUFGCTRL_X0Y16       BUFG (Prop_bufg_I_O)         0.026     1.110 r  sys_clk_IBUF_BUFG_inst/O
                         net (fo=27, routed)          0.716     1.826    blinking_led_inst/sys_clk
    SLICE_X113Y110       FDRE                                         r  blinking_led_inst/led_out_reg/C
  -------------------------------------------------------------------    -------------------
    SLICE_X113Y110       FDRE (Prop_fdre_C_Q)         0.141     1.967 r  blinking_led_inst/led_out_reg/Q
                         net (fo=4, routed)           0.150     2.118    blinking_led_inst/led_out
    SLICE_X113Y111       LUT2 (Prop_lut2_I0_O)        0.045     2.163 r  blinking_led_inst/rgb_out_OBUF[2]_inst_i_1/O
                         net (fo=1, routed)           0.695     2.858    rgb_out_OBUF[2]
    M17                  OBUF (Prop_obuf_I_O)         1.312     4.170 r  rgb_out_OBUF[2]_inst/O
                         net (fo=0)                   0.000     4.170    rgb_out[2]
    M17                                                               r  rgb_out[2] (OUT)
  -------------------------------------------------------------------    -------------------

Slack:                    inf
  Source:                 blinking_led_inst/led_out_reg/C
                            (rising edge-triggered cell FDRE clocked by sys_clk_pin  {rise@0.000ns fall@4.000ns period=8.000ns})
  Destination:            rgb_out[1]
                            (output port)
  Path Group:             (none)
  Path Type:              Min at Fast Process Corner
  Data Path Delay:        2.357ns  (logic 1.443ns (61.221%)  route 0.914ns (38.779%))
  Logic Levels:           2  (LUT2=1 OBUF=1)
  Clock Uncertainty:      0.025ns  ((TSJ^2 + TIJ^2)^1/2 + DJ) / 2 + PE
    Total System Jitter     (TSJ):    0.050ns
    Total Input Jitter      (TIJ):    0.000ns
    Discrete Jitter          (DJ):    0.000ns
    Phase Error              (PE):    0.000ns

    Location             Delay type                Incr(ns)  Path(ns)    Netlist Resource(s)
  -------------------------------------------------------------------    -------------------
                         (clock sys_clk_pin rise edge)
                                                      0.000     0.000 r  
    K17                                               0.000     0.000 r  sys_clk (IN)
                         net (fo=0)                   0.000     0.000    sys_clk
    K17                  IBUF (Prop_ibuf_I_O)         0.243     0.243 r  sys_clk_IBUF_inst/O
                         net (fo=1, routed)           0.842     1.084    sys_clk_IBUF
    BUFGCTRL_X0Y16       BUFG (Prop_bufg_I_O)         0.026     1.110 r  sys_clk_IBUF_BUFG_inst/O
                         net (fo=27, routed)          0.716     1.826    blinking_led_inst/sys_clk
    SLICE_X113Y110       FDRE                                         r  blinking_led_inst/led_out_reg/C
  -------------------------------------------------------------------    -------------------
    SLICE_X113Y110       FDRE (Prop_fdre_C_Q)         0.141     1.967 r  blinking_led_inst/led_out_reg/Q
                         net (fo=4, routed)           0.150     2.118    blinking_led_inst/led_out
    SLICE_X113Y111       LUT2 (Prop_lut2_I1_O)        0.048     2.166 r  blinking_led_inst/rgb_out_OBUF[1]_inst_i_1/O
                         net (fo=1, routed)           0.764     2.930    rgb_out_OBUF[1]
    F17                  OBUF (Prop_obuf_I_O)         1.254     4.184 r  rgb_out_OBUF[1]_inst/O
                         net (fo=0)                   0.000     4.184    rgb_out[1]
    F17                                                               r  rgb_out[1] (OUT)
  -------------------------------------------------------------------    -------------------

Slack:                    inf
  Source:                 blinking_led_inst/led_out_reg/C
                            (rising edge-triggered cell FDRE clocked by sys_clk_pin  {rise@0.000ns fall@4.000ns period=8.000ns})
  Destination:            rgb_out[0]
                            (output port)
  Path Group:             (none)
  Path Type:              Min at Fast Process Corner
  Data Path Delay:        2.685ns  (logic 1.440ns (53.615%)  route 1.246ns (46.385%))
  Logic Levels:           2  (LUT2=1 OBUF=1)
  Clock Uncertainty:      0.025ns  ((TSJ^2 + TIJ^2)^1/2 + DJ) / 2 + PE
    Total System Jitter     (TSJ):    0.050ns
    Total Input Jitter      (TIJ):    0.000ns
    Discrete Jitter          (DJ):    0.000ns
    Phase Error              (PE):    0.000ns

    Location             Delay type                Incr(ns)  Path(ns)    Netlist Resource(s)
  -------------------------------------------------------------------    -------------------
                         (clock sys_clk_pin rise edge)
                                                      0.000     0.000 r  
    K17                                               0.000     0.000 r  sys_clk (IN)
                         net (fo=0)                   0.000     0.000    sys_clk
    K17                  IBUF (Prop_ibuf_I_O)         0.243     0.243 r  sys_clk_IBUF_inst/O
                         net (fo=1, routed)           0.842     1.084    sys_clk_IBUF
    BUFGCTRL_X0Y16       BUFG (Prop_bufg_I_O)         0.026     1.110 r  sys_clk_IBUF_BUFG_inst/O
                         net (fo=27, routed)          0.716     1.826    blinking_led_inst/sys_clk
    SLICE_X113Y110       FDRE                                         r  blinking_led_inst/led_out_reg/C
  -------------------------------------------------------------------    -------------------
    SLICE_X113Y110       FDRE (Prop_fdre_C_Q)         0.141     1.967 r  blinking_led_inst/led_out_reg/Q
                         net (fo=4, routed)           0.246     2.214    blinking_led_inst/led_out
    SLICE_X113Y110       LUT2 (Prop_lut2_I1_O)        0.045     2.259 r  blinking_led_inst/rgb_out_OBUF[0]_inst_i_1/O
                         net (fo=1, routed)           0.999     3.258    rgb_out_OBUF[0]
    V16                  OBUF (Prop_obuf_I_O)         1.254     4.512 r  rgb_out_OBUF[0]_inst/O
                         net (fo=0)                   0.000     4.512    rgb_out[0]
    V16                                                               r  rgb_out[0] (OUT)
  -------------------------------------------------------------------    -------------------





--------------------------------------------------------------------------------------
Path Group:  (none)
From Clock:  
  To Clock:  sys_clk_pin

Max Delay            27 Endpoints
Min Delay            27 Endpoints
--------------------------------------------------------------------------------------


Max Delay Paths
--------------------------------------------------------------------------------------
Slack:                    inf
  Source:                 sw[1]
                            (input port)
  Destination:            blinking_led_inst/led_control_proc.counter_reg[0]/R
                            (rising edge-triggered cell FDRE clocked by sys_clk_pin  {rise@0.000ns fall@4.000ns period=8.000ns})
  Path Group:             (none)
  Path Type:              Setup (Max at Slow Process Corner)
  Data Path Delay:        5.265ns  (logic 1.604ns (30.461%)  route 3.661ns (69.539%))
  Logic Levels:           2  (IBUF=1 LUT5=1)
  Clock Path Skew:        5.648ns (DCD - SCD + CPR)
    Destination Clock Delay (DCD):    5.648ns
    Source Clock Delay      (SCD):    0.000ns
    Clock Pessimism Removal (CPR):    0.000ns
  Clock Uncertainty:      0.025ns  ((TSJ^2 + TIJ^2)^1/2 + DJ) / 2 + PE
    Total System Jitter     (TSJ):    0.050ns
    Total Input Jitter      (TIJ):    0.000ns
    Discrete Jitter          (DJ):    0.000ns
    Phase Error              (PE):    0.000ns

    Location             Delay type                Incr(ns)  Path(ns)    Netlist Resource(s)
  -------------------------------------------------------------------    -------------------
    P15                                               0.000     0.000 r  sw[1] (IN)
                         net (fo=0)                   0.000     0.000    sw[1]
    P15                  IBUF (Prop_ibuf_I_O)         1.480     1.480 r  sw_IBUF[1]_inst/O
                         net (fo=3, routed)           2.950     4.429    blinking_led_inst/sw_IBUF[1]
    SLICE_X113Y110       LUT5 (Prop_lut5_I1_O)        0.124     4.553 r  blinking_led_inst/led_control_proc.counter[0]_i_1/O
                         net (fo=26, routed)          0.712     5.265    blinking_led_inst/led_control_proc.counter[0]_i_1_n_0
    SLICE_X112Y106       FDRE                                         r  blinking_led_inst/led_control_proc.counter_reg[0]/R
  -------------------------------------------------------------------    -------------------

                         (clock sys_clk_pin rise edge)
                                                      0.000     0.000 r  
    K17                                               0.000     0.000 r  sys_clk (IN)
                         net (fo=0)                   0.000     0.000    sys_clk
    K17                  IBUF (Prop_ibuf_I_O)         1.404     1.404 r  sys_clk_IBUF_inst/O
                         net (fo=1, routed)           2.293     3.697    sys_clk_IBUF
    BUFGCTRL_X0Y16       BUFG (Prop_bufg_I_O)         0.091     3.788 r  sys_clk_IBUF_BUFG_inst/O
                         net (fo=27, routed)          1.860     5.648    blinking_led_inst/sys_clk
    SLICE_X112Y106       FDRE                                         r  blinking_led_inst/led_control_proc.counter_reg[0]/C

Slack:                    inf
  Source:                 sw[1]
                            (input port)
  Destination:            blinking_led_inst/led_control_proc.counter_reg[1]/R
                            (rising edge-triggered cell FDRE clocked by sys_clk_pin  {rise@0.000ns fall@4.000ns period=8.000ns})
  Path Group:             (none)
  Path Type:              Setup (Max at Slow Process Corner)
  Data Path Delay:        5.265ns  (logic 1.604ns (30.461%)  route 3.661ns (69.539%))
  Logic Levels:           2  (IBUF=1 LUT5=1)
  Clock Path Skew:        5.648ns (DCD - SCD + CPR)
    Destination Clock Delay (DCD):    5.648ns
    Source Clock Delay      (SCD):    0.000ns
    Clock Pessimism Removal (CPR):    0.000ns
  Clock Uncertainty:      0.025ns  ((TSJ^2 + TIJ^2)^1/2 + DJ) / 2 + PE
    Total System Jitter     (TSJ):    0.050ns
    Total Input Jitter      (TIJ):    0.000ns
    Discrete Jitter          (DJ):    0.000ns
    Phase Error              (PE):    0.000ns

    Location             Delay type                Incr(ns)  Path(ns)    Netlist Resource(s)
  -------------------------------------------------------------------    -------------------
    P15                                               0.000     0.000 r  sw[1] (IN)
                         net (fo=0)                   0.000     0.000    sw[1]
    P15                  IBUF (Prop_ibuf_I_O)         1.480     1.480 r  sw_IBUF[1]_inst/O
                         net (fo=3, routed)           2.950     4.429    blinking_led_inst/sw_IBUF[1]
    SLICE_X113Y110       LUT5 (Prop_lut5_I1_O)        0.124     4.553 r  blinking_led_inst/led_control_proc.counter[0]_i_1/O
                         net (fo=26, routed)          0.712     5.265    blinking_led_inst/led_control_proc.counter[0]_i_1_n_0
    SLICE_X112Y106       FDRE                                         r  blinking_led_inst/led_control_proc.counter_reg[1]/R
  -------------------------------------------------------------------    -------------------

                         (clock sys_clk_pin rise edge)
                                                      0.000     0.000 r  
    K17                                               0.000     0.000 r  sys_clk (IN)
                         net (fo=0)                   0.000     0.000    sys_clk
    K17                  IBUF (Prop_ibuf_I_O)         1.404     1.404 r  sys_clk_IBUF_inst/O
                         net (fo=1, routed)           2.293     3.697    sys_clk_IBUF
    BUFGCTRL_X0Y16       BUFG (Prop_bufg_I_O)         0.091     3.788 r  sys_clk_IBUF_BUFG_inst/O
                         net (fo=27, routed)          1.860     5.648    blinking_led_inst/sys_clk
    SLICE_X112Y106       FDRE                                         r  blinking_led_inst/led_control_proc.counter_reg[1]/C

Slack:                    inf
  Source:                 sw[1]
                            (input port)
  Destination:            blinking_led_inst/led_control_proc.counter_reg[2]/R
                            (rising edge-triggered cell FDRE clocked by sys_clk_pin  {rise@0.000ns fall@4.000ns period=8.000ns})
  Path Group:             (none)
  Path Type:              Setup (Max at Slow Process Corner)
  Data Path Delay:        5.265ns  (logic 1.604ns (30.461%)  route 3.661ns (69.539%))
  Logic Levels:           2  (IBUF=1 LUT5=1)
  Clock Path Skew:        5.648ns (DCD - SCD + CPR)
    Destination Clock Delay (DCD):    5.648ns
    Source Clock Delay      (SCD):    0.000ns
    Clock Pessimism Removal (CPR):    0.000ns
  Clock Uncertainty:      0.025ns  ((TSJ^2 + TIJ^2)^1/2 + DJ) / 2 + PE
    Total System Jitter     (TSJ):    0.050ns
    Total Input Jitter      (TIJ):    0.000ns
    Discrete Jitter          (DJ):    0.000ns
    Phase Error              (PE):    0.000ns

    Location             Delay type                Incr(ns)  Path(ns)    Netlist Resource(s)
  -------------------------------------------------------------------    -------------------
    P15                                               0.000     0.000 r  sw[1] (IN)
                         net (fo=0)                   0.000     0.000    sw[1]
    P15                  IBUF (Prop_ibuf_I_O)         1.480     1.480 r  sw_IBUF[1]_inst/O
                         net (fo=3, routed)           2.950     4.429    blinking_led_inst/sw_IBUF[1]
    SLICE_X113Y110       LUT5 (Prop_lut5_I1_O)        0.124     4.553 r  blinking_led_inst/led_control_proc.counter[0]_i_1/O
                         net (fo=26, routed)          0.712     5.265    blinking_led_inst/led_control_proc.counter[0]_i_1_n_0
    SLICE_X112Y106       FDRE                                         r  blinking_led_inst/led_control_proc.counter_reg[2]/R
  -------------------------------------------------------------------    -------------------

                         (clock sys_clk_pin rise edge)
                                                      0.000     0.000 r  
    K17                                               0.000     0.000 r  sys_clk (IN)
                         net (fo=0)                   0.000     0.000    sys_clk
    K17                  IBUF (Prop_ibuf_I_O)         1.404     1.404 r  sys_clk_IBUF_inst/O
                         net (fo=1, routed)           2.293     3.697    sys_clk_IBUF
    BUFGCTRL_X0Y16       BUFG (Prop_bufg_I_O)         0.091     3.788 r  sys_clk_IBUF_BUFG_inst/O
                         net (fo=27, routed)          1.860     5.648    blinking_led_inst/sys_clk
    SLICE_X112Y106       FDRE                                         r  blinking_led_inst/led_control_proc.counter_reg[2]/C

Slack:                    inf
  Source:                 sw[1]
                            (input port)
  Destination:            blinking_led_inst/led_control_proc.counter_reg[3]/R
                            (rising edge-triggered cell FDRE clocked by sys_clk_pin  {rise@0.000ns fall@4.000ns period=8.000ns})
  Path Group:             (none)
  Path Type:              Setup (Max at Slow Process Corner)
  Data Path Delay:        5.265ns  (logic 1.604ns (30.461%)  route 3.661ns (69.539%))
  Logic Levels:           2  (IBUF=1 LUT5=1)
  Clock Path Skew:        5.648ns (DCD - SCD + CPR)
    Destination Clock Delay (DCD):    5.648ns
    Source Clock Delay      (SCD):    0.000ns
    Clock Pessimism Removal (CPR):    0.000ns
  Clock Uncertainty:      0.025ns  ((TSJ^2 + TIJ^2)^1/2 + DJ) / 2 + PE
    Total System Jitter     (TSJ):    0.050ns
    Total Input Jitter      (TIJ):    0.000ns
    Discrete Jitter          (DJ):    0.000ns
    Phase Error              (PE):    0.000ns

    Location             Delay type                Incr(ns)  Path(ns)    Netlist Resource(s)
  -------------------------------------------------------------------    -------------------
    P15                                               0.000     0.000 r  sw[1] (IN)
                         net (fo=0)                   0.000     0.000    sw[1]
    P15                  IBUF (Prop_ibuf_I_O)         1.480     1.480 r  sw_IBUF[1]_inst/O
                         net (fo=3, routed)           2.950     4.429    blinking_led_inst/sw_IBUF[1]
    SLICE_X113Y110       LUT5 (Prop_lut5_I1_O)        0.124     4.553 r  blinking_led_inst/led_control_proc.counter[0]_i_1/O
                         net (fo=26, routed)          0.712     5.265    blinking_led_inst/led_control_proc.counter[0]_i_1_n_0
    SLICE_X112Y106       FDRE                                         r  blinking_led_inst/led_control_proc.counter_reg[3]/R
  -------------------------------------------------------------------    -------------------

                         (clock sys_clk_pin rise edge)
                                                      0.000     0.000 r  
    K17                                               0.000     0.000 r  sys_clk (IN)
                         net (fo=0)                   0.000     0.000    sys_clk
    K17                  IBUF (Prop_ibuf_I_O)         1.404     1.404 r  sys_clk_IBUF_inst/O
                         net (fo=1, routed)           2.293     3.697    sys_clk_IBUF
    BUFGCTRL_X0Y16       BUFG (Prop_bufg_I_O)         0.091     3.788 r  sys_clk_IBUF_BUFG_inst/O
                         net (fo=27, routed)          1.860     5.648    blinking_led_inst/sys_clk
    SLICE_X112Y106       FDRE                                         r  blinking_led_inst/led_control_proc.counter_reg[3]/C

Slack:                    inf
  Source:                 sw[1]
                            (input port)
  Destination:            blinking_led_inst/led_control_proc.counter_reg[4]/R
                            (rising edge-triggered cell FDRE clocked by sys_clk_pin  {rise@0.000ns fall@4.000ns period=8.000ns})
  Path Group:             (none)
  Path Type:              Setup (Max at Slow Process Corner)
  Data Path Delay:        5.216ns  (logic 1.604ns (30.747%)  route 3.612ns (69.253%))
  Logic Levels:           2  (IBUF=1 LUT5=1)
  Clock Path Skew:        5.647ns (DCD - SCD + CPR)
    Destination Clock Delay (DCD):    5.647ns
    Source Clock Delay      (SCD):    0.000ns
    Clock Pessimism Removal (CPR):    0.000ns
  Clock Uncertainty:      0.025ns  ((TSJ^2 + TIJ^2)^1/2 + DJ) / 2 + PE
    Total System Jitter     (TSJ):    0.050ns
    Total Input Jitter      (TIJ):    0.000ns
    Discrete Jitter          (DJ):    0.000ns
    Phase Error              (PE):    0.000ns

    Location             Delay type                Incr(ns)  Path(ns)    Netlist Resource(s)
  -------------------------------------------------------------------    -------------------
    P15                                               0.000     0.000 r  sw[1] (IN)
                         net (fo=0)                   0.000     0.000    sw[1]
    P15                  IBUF (Prop_ibuf_I_O)         1.480     1.480 r  sw_IBUF[1]_inst/O
                         net (fo=3, routed)           2.950     4.429    blinking_led_inst/sw_IBUF[1]
    SLICE_X113Y110       LUT5 (Prop_lut5_I1_O)        0.124     4.553 r  blinking_led_inst/led_control_proc.counter[0]_i_1/O
                         net (fo=26, routed)          0.663     5.216    blinking_led_inst/led_control_proc.counter[0]_i_1_n_0
    SLICE_X112Y107       FDRE                                         r  blinking_led_inst/led_control_proc.counter_reg[4]/R
  -------------------------------------------------------------------    -------------------

                         (clock sys_clk_pin rise edge)
                                                      0.000     0.000 r  
    K17                                               0.000     0.000 r  sys_clk (IN)
                         net (fo=0)                   0.000     0.000    sys_clk
    K17                  IBUF (Prop_ibuf_I_O)         1.404     1.404 r  sys_clk_IBUF_inst/O
                         net (fo=1, routed)           2.293     3.697    sys_clk_IBUF
    BUFGCTRL_X0Y16       BUFG (Prop_bufg_I_O)         0.091     3.788 r  sys_clk_IBUF_BUFG_inst/O
                         net (fo=27, routed)          1.859     5.647    blinking_led_inst/sys_clk
    SLICE_X112Y107       FDRE                                         r  blinking_led_inst/led_control_proc.counter_reg[4]/C

Slack:                    inf
  Source:                 sw[1]
                            (input port)
  Destination:            blinking_led_inst/led_control_proc.counter_reg[5]/R
                            (rising edge-triggered cell FDRE clocked by sys_clk_pin  {rise@0.000ns fall@4.000ns period=8.000ns})
  Path Group:             (none)
  Path Type:              Setup (Max at Slow Process Corner)
  Data Path Delay:        5.216ns  (logic 1.604ns (30.747%)  route 3.612ns (69.253%))
  Logic Levels:           2  (IBUF=1 LUT5=1)
  Clock Path Skew:        5.647ns (DCD - SCD + CPR)
    Destination Clock Delay (DCD):    5.647ns
    Source Clock Delay      (SCD):    0.000ns
    Clock Pessimism Removal (CPR):    0.000ns
  Clock Uncertainty:      0.025ns  ((TSJ^2 + TIJ^2)^1/2 + DJ) / 2 + PE
    Total System Jitter     (TSJ):    0.050ns
    Total Input Jitter      (TIJ):    0.000ns
    Discrete Jitter          (DJ):    0.000ns
    Phase Error              (PE):    0.000ns

    Location             Delay type                Incr(ns)  Path(ns)    Netlist Resource(s)
  -------------------------------------------------------------------    -------------------
    P15                                               0.000     0.000 r  sw[1] (IN)
                         net (fo=0)                   0.000     0.000    sw[1]
    P15                  IBUF (Prop_ibuf_I_O)         1.480     1.480 r  sw_IBUF[1]_inst/O
                         net (fo=3, routed)           2.950     4.429    blinking_led_inst/sw_IBUF[1]
    SLICE_X113Y110       LUT5 (Prop_lut5_I1_O)        0.124     4.553 r  blinking_led_inst/led_control_proc.counter[0]_i_1/O
                         net (fo=26, routed)          0.663     5.216    blinking_led_inst/led_control_proc.counter[0]_i_1_n_0
    SLICE_X112Y107       FDRE                                         r  blinking_led_inst/led_control_proc.counter_reg[5]/R
  -------------------------------------------------------------------    -------------------

                         (clock sys_clk_pin rise edge)
                                                      0.000     0.000 r  
    K17                                               0.000     0.000 r  sys_clk (IN)
                         net (fo=0)                   0.000     0.000    sys_clk
    K17                  IBUF (Prop_ibuf_I_O)         1.404     1.404 r  sys_clk_IBUF_inst/O
                         net (fo=1, routed)           2.293     3.697    sys_clk_IBUF
    BUFGCTRL_X0Y16       BUFG (Prop_bufg_I_O)         0.091     3.788 r  sys_clk_IBUF_BUFG_inst/O
                         net (fo=27, routed)          1.859     5.647    blinking_led_inst/sys_clk
    SLICE_X112Y107       FDRE                                         r  blinking_led_inst/led_control_proc.counter_reg[5]/C

Slack:                    inf
  Source:                 sw[1]
                            (input port)
  Destination:            blinking_led_inst/led_control_proc.counter_reg[6]/R
                            (rising edge-triggered cell FDRE clocked by sys_clk_pin  {rise@0.000ns fall@4.000ns period=8.000ns})
  Path Group:             (none)
  Path Type:              Setup (Max at Slow Process Corner)
  Data Path Delay:        5.216ns  (logic 1.604ns (30.747%)  route 3.612ns (69.253%))
  Logic Levels:           2  (IBUF=1 LUT5=1)
  Clock Path Skew:        5.647ns (DCD - SCD + CPR)
    Destination Clock Delay (DCD):    5.647ns
    Source Clock Delay      (SCD):    0.000ns
    Clock Pessimism Removal (CPR):    0.000ns
  Clock Uncertainty:      0.025ns  ((TSJ^2 + TIJ^2)^1/2 + DJ) / 2 + PE
    Total System Jitter     (TSJ):    0.050ns
    Total Input Jitter      (TIJ):    0.000ns
    Discrete Jitter          (DJ):    0.000ns
    Phase Error              (PE):    0.000ns

    Location             Delay type                Incr(ns)  Path(ns)    Netlist Resource(s)
  -------------------------------------------------------------------    -------------------
    P15                                               0.000     0.000 r  sw[1] (IN)
                         net (fo=0)                   0.000     0.000    sw[1]
    P15                  IBUF (Prop_ibuf_I_O)         1.480     1.480 r  sw_IBUF[1]_inst/O
                         net (fo=3, routed)           2.950     4.429    blinking_led_inst/sw_IBUF[1]
    SLICE_X113Y110       LUT5 (Prop_lut5_I1_O)        0.124     4.553 r  blinking_led_inst/led_control_proc.counter[0]_i_1/O
                         net (fo=26, routed)          0.663     5.216    blinking_led_inst/led_control_proc.counter[0]_i_1_n_0
    SLICE_X112Y107       FDRE                                         r  blinking_led_inst/led_control_proc.counter_reg[6]/R
  -------------------------------------------------------------------    -------------------

                         (clock sys_clk_pin rise edge)
                                                      0.000     0.000 r  
    K17                                               0.000     0.000 r  sys_clk (IN)
                         net (fo=0)                   0.000     0.000    sys_clk
    K17                  IBUF (Prop_ibuf_I_O)         1.404     1.404 r  sys_clk_IBUF_inst/O
                         net (fo=1, routed)           2.293     3.697    sys_clk_IBUF
    BUFGCTRL_X0Y16       BUFG (Prop_bufg_I_O)         0.091     3.788 r  sys_clk_IBUF_BUFG_inst/O
                         net (fo=27, routed)          1.859     5.647    blinking_led_inst/sys_clk
    SLICE_X112Y107       FDRE                                         r  blinking_led_inst/led_control_proc.counter_reg[6]/C

Slack:                    inf
  Source:                 sw[1]
                            (input port)
  Destination:            blinking_led_inst/led_control_proc.counter_reg[7]/R
                            (rising edge-triggered cell FDRE clocked by sys_clk_pin  {rise@0.000ns fall@4.000ns period=8.000ns})
  Path Group:             (none)
  Path Type:              Setup (Max at Slow Process Corner)
  Data Path Delay:        5.216ns  (logic 1.604ns (30.747%)  route 3.612ns (69.253%))
  Logic Levels:           2  (IBUF=1 LUT5=1)
  Clock Path Skew:        5.647ns (DCD - SCD + CPR)
    Destination Clock Delay (DCD):    5.647ns
    Source Clock Delay      (SCD):    0.000ns
    Clock Pessimism Removal (CPR):    0.000ns
  Clock Uncertainty:      0.025ns  ((TSJ^2 + TIJ^2)^1/2 + DJ) / 2 + PE
    Total System Jitter     (TSJ):    0.050ns
    Total Input Jitter      (TIJ):    0.000ns
    Discrete Jitter          (DJ):    0.000ns
    Phase Error              (PE):    0.000ns

    Location             Delay type                Incr(ns)  Path(ns)    Netlist Resource(s)
  -------------------------------------------------------------------    -------------------
    P15                                               0.000     0.000 r  sw[1] (IN)
                         net (fo=0)                   0.000     0.000    sw[1]
    P15                  IBUF (Prop_ibuf_I_O)         1.480     1.480 r  sw_IBUF[1]_inst/O
                         net (fo=3, routed)           2.950     4.429    blinking_led_inst/sw_IBUF[1]
    SLICE_X113Y110       LUT5 (Prop_lut5_I1_O)        0.124     4.553 r  blinking_led_inst/led_control_proc.counter[0]_i_1/O
                         net (fo=26, routed)          0.663     5.216    blinking_led_inst/led_control_proc.counter[0]_i_1_n_0
    SLICE_X112Y107       FDRE                                         r  blinking_led_inst/led_control_proc.counter_reg[7]/R
  -------------------------------------------------------------------    -------------------

                         (clock sys_clk_pin rise edge)
                                                      0.000     0.000 r  
    K17                                               0.000     0.000 r  sys_clk (IN)
                         net (fo=0)                   0.000     0.000    sys_clk
    K17                  IBUF (Prop_ibuf_I_O)         1.404     1.404 r  sys_clk_IBUF_inst/O
                         net (fo=1, routed)           2.293     3.697    sys_clk_IBUF
    BUFGCTRL_X0Y16       BUFG (Prop_bufg_I_O)         0.091     3.788 r  sys_clk_IBUF_BUFG_inst/O
                         net (fo=27, routed)          1.859     5.647    blinking_led_inst/sys_clk
    SLICE_X112Y107       FDRE                                         r  blinking_led_inst/led_control_proc.counter_reg[7]/C

Slack:                    inf
  Source:                 sw[1]
                            (input port)
  Destination:            blinking_led_inst/led_control_proc.counter_reg[16]/R
                            (rising edge-triggered cell FDRE clocked by sys_clk_pin  {rise@0.000ns fall@4.000ns period=8.000ns})
  Path Group:             (none)
  Path Type:              Setup (Max at Slow Process Corner)
  Data Path Delay:        5.214ns  (logic 1.604ns (30.758%)  route 3.610ns (69.242%))
  Logic Levels:           2  (IBUF=1 LUT5=1)
  Clock Path Skew:        5.646ns (DCD - SCD + CPR)
    Destination Clock Delay (DCD):    5.646ns
    Source Clock Delay      (SCD):    0.000ns
    Clock Pessimism Removal (CPR):    0.000ns
  Clock Uncertainty:      0.025ns  ((TSJ^2 + TIJ^2)^1/2 + DJ) / 2 + PE
    Total System Jitter     (TSJ):    0.050ns
    Total Input Jitter      (TIJ):    0.000ns
    Discrete Jitter          (DJ):    0.000ns
    Phase Error              (PE):    0.000ns

    Location             Delay type                Incr(ns)  Path(ns)    Netlist Resource(s)
  -------------------------------------------------------------------    -------------------
    P15                                               0.000     0.000 r  sw[1] (IN)
                         net (fo=0)                   0.000     0.000    sw[1]
    P15                  IBUF (Prop_ibuf_I_O)         1.480     1.480 r  sw_IBUF[1]_inst/O
                         net (fo=3, routed)           2.950     4.429    blinking_led_inst/sw_IBUF[1]
    SLICE_X113Y110       LUT5 (Prop_lut5_I1_O)        0.124     4.553 r  blinking_led_inst/led_control_proc.counter[0]_i_1/O
                         net (fo=26, routed)          0.661     5.214    blinking_led_inst/led_control_proc.counter[0]_i_1_n_0
    SLICE_X112Y110       FDRE                                         r  blinking_led_inst/led_control_proc.counter_reg[16]/R
  -------------------------------------------------------------------    -------------------

                         (clock sys_clk_pin rise edge)
                                                      0.000     0.000 r  
    K17                                               0.000     0.000 r  sys_clk (IN)
                         net (fo=0)                   0.000     0.000    sys_clk
    K17                  IBUF (Prop_ibuf_I_O)         1.404     1.404 r  sys_clk_IBUF_inst/O
                         net (fo=1, routed)           2.293     3.697    sys_clk_IBUF
    BUFGCTRL_X0Y16       BUFG (Prop_bufg_I_O)         0.091     3.788 r  sys_clk_IBUF_BUFG_inst/O
                         net (fo=27, routed)          1.858     5.646    blinking_led_inst/sys_clk
    SLICE_X112Y110       FDRE                                         r  blinking_led_inst/led_control_proc.counter_reg[16]/C

Slack:                    inf
  Source:                 sw[1]
                            (input port)
  Destination:            blinking_led_inst/led_control_proc.counter_reg[17]/R
                            (rising edge-triggered cell FDRE clocked by sys_clk_pin  {rise@0.000ns fall@4.000ns period=8.000ns})
  Path Group:             (none)
  Path Type:              Setup (Max at Slow Process Corner)
  Data Path Delay:        5.214ns  (logic 1.604ns (30.758%)  route 3.610ns (69.242%))
  Logic Levels:           2  (IBUF=1 LUT5=1)
  Clock Path Skew:        5.646ns (DCD - SCD + CPR)
    Destination Clock Delay (DCD):    5.646ns
    Source Clock Delay      (SCD):    0.000ns
    Clock Pessimism Removal (CPR):    0.000ns
  Clock Uncertainty:      0.025ns  ((TSJ^2 + TIJ^2)^1/2 + DJ) / 2 + PE
    Total System Jitter     (TSJ):    0.050ns
    Total Input Jitter      (TIJ):    0.000ns
    Discrete Jitter          (DJ):    0.000ns
    Phase Error              (PE):    0.000ns

    Location             Delay type                Incr(ns)  Path(ns)    Netlist Resource(s)
  -------------------------------------------------------------------    -------------------
    P15                                               0.000     0.000 r  sw[1] (IN)
                         net (fo=0)                   0.000     0.000    sw[1]
    P15                  IBUF (Prop_ibuf_I_O)         1.480     1.480 r  sw_IBUF[1]_inst/O
                         net (fo=3, routed)           2.950     4.429    blinking_led_inst/sw_IBUF[1]
    SLICE_X113Y110       LUT5 (Prop_lut5_I1_O)        0.124     4.553 r  blinking_led_inst/led_control_proc.counter[0]_i_1/O
                         net (fo=26, routed)          0.661     5.214    blinking_led_inst/led_control_proc.counter[0]_i_1_n_0
    SLICE_X112Y110       FDRE                                         r  blinking_led_inst/led_control_proc.counter_reg[17]/R
  -------------------------------------------------------------------    -------------------

                         (clock sys_clk_pin rise edge)
                                                      0.000     0.000 r  
    K17                                               0.000     0.000 r  sys_clk (IN)
                         net (fo=0)                   0.000     0.000    sys_clk
    K17                  IBUF (Prop_ibuf_I_O)         1.404     1.404 r  sys_clk_IBUF_inst/O
                         net (fo=1, routed)           2.293     3.697    sys_clk_IBUF
    BUFGCTRL_X0Y16       BUFG (Prop_bufg_I_O)         0.091     3.788 r  sys_clk_IBUF_BUFG_inst/O
                         net (fo=27, routed)          1.858     5.646    blinking_led_inst/sys_clk
    SLICE_X112Y110       FDRE                                         r  blinking_led_inst/led_control_proc.counter_reg[17]/C





Min Delay Paths
--------------------------------------------------------------------------------------
Slack:                    inf
  Source:                 sw[0]
                            (input port)
  Destination:            blinking_led_inst/led_out_reg/D
                            (rising edge-triggered cell FDRE clocked by sys_clk_pin  {rise@0.000ns fall@4.000ns period=8.000ns})
  Path Group:             (none)
  Path Type:              Hold (Min at Fast Process Corner)
  Data Path Delay:        0.641ns  (logic 0.281ns (43.778%)  route 0.360ns (56.222%))
  Logic Levels:           2  (IBUF=1 LUT6=1)
  Clock Path Skew:        2.359ns (DCD - SCD - CPR)
    Destination Clock Delay (DCD):    2.359ns
    Source Clock Delay      (SCD):    0.000ns
    Clock Pessimism Removal (CPR):    -0.000ns

    Location             Delay type                Incr(ns)  Path(ns)    Netlist Resource(s)
  -------------------------------------------------------------------    -------------------
    G15                                               0.000     0.000 r  sw[0] (IN)
                         net (fo=0)                   0.000     0.000    sw[0]
    G15                  IBUF (Prop_ibuf_I_O)         0.236     0.236 r  sw_IBUF[0]_inst/O
                         net (fo=3, routed)           0.360     0.596    blinking_led_inst/sw_IBUF[0]
    SLICE_X113Y110       LUT6 (Prop_lut6_I5_O)        0.045     0.641 r  blinking_led_inst/led_out_i_1/O
                         net (fo=1, routed)           0.000     0.641    blinking_led_inst/led_out_i_1_n_0
    SLICE_X113Y110       FDRE                                         r  blinking_led_inst/led_out_reg/D
  -------------------------------------------------------------------    -------------------

                         (clock sys_clk_pin rise edge)
                                                      0.000     0.000 r  
    K17                                               0.000     0.000 r  sys_clk (IN)
                         net (fo=0)                   0.000     0.000    sys_clk
    K17                  IBUF (Prop_ibuf_I_O)         0.431     0.431 r  sys_clk_IBUF_inst/O
                         net (fo=1, routed)           0.907     1.338    sys_clk_IBUF
    BUFGCTRL_X0Y16       BUFG (Prop_bufg_I_O)         0.029     1.367 r  sys_clk_IBUF_BUFG_inst/O
                         net (fo=27, routed)          0.992     2.359    blinking_led_inst/sys_clk
    SLICE_X113Y110       FDRE                                         r  blinking_led_inst/led_out_reg/C

Slack:                    inf
  Source:                 sw[0]
                            (input port)
  Destination:            blinking_led_inst/led_control_proc.counter_reg[20]/R
                            (rising edge-triggered cell FDRE clocked by sys_clk_pin  {rise@0.000ns fall@4.000ns period=8.000ns})
  Path Group:             (none)
  Path Type:              Hold (Min at Fast Process Corner)
  Data Path Delay:        0.864ns  (logic 0.281ns (32.474%)  route 0.583ns (67.526%))
  Logic Levels:           2  (IBUF=1 LUT5=1)
  Clock Path Skew:        2.359ns (DCD - SCD - CPR)
    Destination Clock Delay (DCD):    2.359ns
    Source Clock Delay      (SCD):    0.000ns
    Clock Pessimism Removal (CPR):    -0.000ns

    Location             Delay type                Incr(ns)  Path(ns)    Netlist Resource(s)
  -------------------------------------------------------------------    -------------------
    G15                                               0.000     0.000 r  sw[0] (IN)
                         net (fo=0)                   0.000     0.000    sw[0]
    G15                  IBUF (Prop_ibuf_I_O)         0.236     0.236 r  sw_IBUF[0]_inst/O
                         net (fo=3, routed)           0.445     0.681    blinking_led_inst/sw_IBUF[0]
    SLICE_X113Y110       LUT5 (Prop_lut5_I0_O)        0.045     0.726 r  blinking_led_inst/led_control_proc.counter[0]_i_1/O
                         net (fo=26, routed)          0.138     0.864    blinking_led_inst/led_control_proc.counter[0]_i_1_n_0
    SLICE_X112Y111       FDRE                                         r  blinking_led_inst/led_control_proc.counter_reg[20]/R
  -------------------------------------------------------------------    -------------------

                         (clock sys_clk_pin rise edge)
                                                      0.000     0.000 r  
    K17                                               0.000     0.000 r  sys_clk (IN)
                         net (fo=0)                   0.000     0.000    sys_clk
    K17                  IBUF (Prop_ibuf_I_O)         0.431     0.431 r  sys_clk_IBUF_inst/O
                         net (fo=1, routed)           0.907     1.338    sys_clk_IBUF
    BUFGCTRL_X0Y16       BUFG (Prop_bufg_I_O)         0.029     1.367 r  sys_clk_IBUF_BUFG_inst/O
                         net (fo=27, routed)          0.992     2.359    blinking_led_inst/sys_clk
    SLICE_X112Y111       FDRE                                         r  blinking_led_inst/led_control_proc.counter_reg[20]/C

Slack:                    inf
  Source:                 sw[0]
                            (input port)
  Destination:            blinking_led_inst/led_control_proc.counter_reg[21]/R
                            (rising edge-triggered cell FDRE clocked by sys_clk_pin  {rise@0.000ns fall@4.000ns period=8.000ns})
  Path Group:             (none)
  Path Type:              Hold (Min at Fast Process Corner)
  Data Path Delay:        0.864ns  (logic 0.281ns (32.474%)  route 0.583ns (67.526%))
  Logic Levels:           2  (IBUF=1 LUT5=1)
  Clock Path Skew:        2.359ns (DCD - SCD - CPR)
    Destination Clock Delay (DCD):    2.359ns
    Source Clock Delay      (SCD):    0.000ns
    Clock Pessimism Removal (CPR):    -0.000ns

    Location             Delay type                Incr(ns)  Path(ns)    Netlist Resource(s)
  -------------------------------------------------------------------    -------------------
    G15                                               0.000     0.000 r  sw[0] (IN)
                         net (fo=0)                   0.000     0.000    sw[0]
    G15                  IBUF (Prop_ibuf_I_O)         0.236     0.236 r  sw_IBUF[0]_inst/O
                         net (fo=3, routed)           0.445     0.681    blinking_led_inst/sw_IBUF[0]
    SLICE_X113Y110       LUT5 (Prop_lut5_I0_O)        0.045     0.726 r  blinking_led_inst/led_control_proc.counter[0]_i_1/O
                         net (fo=26, routed)          0.138     0.864    blinking_led_inst/led_control_proc.counter[0]_i_1_n_0
    SLICE_X112Y111       FDRE                                         r  blinking_led_inst/led_control_proc.counter_reg[21]/R
  -------------------------------------------------------------------    -------------------

                         (clock sys_clk_pin rise edge)
                                                      0.000     0.000 r  
    K17                                               0.000     0.000 r  sys_clk (IN)
                         net (fo=0)                   0.000     0.000    sys_clk
    K17                  IBUF (Prop_ibuf_I_O)         0.431     0.431 r  sys_clk_IBUF_inst/O
                         net (fo=1, routed)           0.907     1.338    sys_clk_IBUF
    BUFGCTRL_X0Y16       BUFG (Prop_bufg_I_O)         0.029     1.367 r  sys_clk_IBUF_BUFG_inst/O
                         net (fo=27, routed)          0.992     2.359    blinking_led_inst/sys_clk
    SLICE_X112Y111       FDRE                                         r  blinking_led_inst/led_control_proc.counter_reg[21]/C

Slack:                    inf
  Source:                 sw[0]
                            (input port)
  Destination:            blinking_led_inst/led_control_proc.counter_reg[22]/R
                            (rising edge-triggered cell FDRE clocked by sys_clk_pin  {rise@0.000ns fall@4.000ns period=8.000ns})
  Path Group:             (none)
  Path Type:              Hold (Min at Fast Process Corner)
  Data Path Delay:        0.864ns  (logic 0.281ns (32.474%)  route 0.583ns (67.526%))
  Logic Levels:           2  (IBUF=1 LUT5=1)
  Clock Path Skew:        2.359ns (DCD - SCD - CPR)
    Destination Clock Delay (DCD):    2.359ns
    Source Clock Delay      (SCD):    0.000ns
    Clock Pessimism Removal (CPR):    -0.000ns

    Location             Delay type                Incr(ns)  Path(ns)    Netlist Resource(s)
  -------------------------------------------------------------------    -------------------
    G15                                               0.000     0.000 r  sw[0] (IN)
                         net (fo=0)                   0.000     0.000    sw[0]
    G15                  IBUF (Prop_ibuf_I_O)         0.236     0.236 r  sw_IBUF[0]_inst/O
                         net (fo=3, routed)           0.445     0.681    blinking_led_inst/sw_IBUF[0]
    SLICE_X113Y110       LUT5 (Prop_lut5_I0_O)        0.045     0.726 r  blinking_led_inst/led_control_proc.counter[0]_i_1/O
                         net (fo=26, routed)          0.138     0.864    blinking_led_inst/led_control_proc.counter[0]_i_1_n_0
    SLICE_X112Y111       FDRE                                         r  blinking_led_inst/led_control_proc.counter_reg[22]/R
  -------------------------------------------------------------------    -------------------

                         (clock sys_clk_pin rise edge)
                                                      0.000     0.000 r  
    K17                                               0.000     0.000 r  sys_clk (IN)
                         net (fo=0)                   0.000     0.000    sys_clk
    K17                  IBUF (Prop_ibuf_I_O)         0.431     0.431 r  sys_clk_IBUF_inst/O
                         net (fo=1, routed)           0.907     1.338    sys_clk_IBUF
    BUFGCTRL_X0Y16       BUFG (Prop_bufg_I_O)         0.029     1.367 r  sys_clk_IBUF_BUFG_inst/O
                         net (fo=27, routed)          0.992     2.359    blinking_led_inst/sys_clk
    SLICE_X112Y111       FDRE                                         r  blinking_led_inst/led_control_proc.counter_reg[22]/C

Slack:                    inf
  Source:                 sw[0]
                            (input port)
  Destination:            blinking_led_inst/led_control_proc.counter_reg[23]/R
                            (rising edge-triggered cell FDRE clocked by sys_clk_pin  {rise@0.000ns fall@4.000ns period=8.000ns})
  Path Group:             (none)
  Path Type:              Hold (Min at Fast Process Corner)
  Data Path Delay:        0.864ns  (logic 0.281ns (32.474%)  route 0.583ns (67.526%))
  Logic Levels:           2  (IBUF=1 LUT5=1)
  Clock Path Skew:        2.359ns (DCD - SCD - CPR)
    Destination Clock Delay (DCD):    2.359ns
    Source Clock Delay      (SCD):    0.000ns
    Clock Pessimism Removal (CPR):    -0.000ns

    Location             Delay type                Incr(ns)  Path(ns)    Netlist Resource(s)
  -------------------------------------------------------------------    -------------------
    G15                                               0.000     0.000 r  sw[0] (IN)
                         net (fo=0)                   0.000     0.000    sw[0]
    G15                  IBUF (Prop_ibuf_I_O)         0.236     0.236 r  sw_IBUF[0]_inst/O
                         net (fo=3, routed)           0.445     0.681    blinking_led_inst/sw_IBUF[0]
    SLICE_X113Y110       LUT5 (Prop_lut5_I0_O)        0.045     0.726 r  blinking_led_inst/led_control_proc.counter[0]_i_1/O
                         net (fo=26, routed)          0.138     0.864    blinking_led_inst/led_control_proc.counter[0]_i_1_n_0
    SLICE_X112Y111       FDRE                                         r  blinking_led_inst/led_control_proc.counter_reg[23]/R
  -------------------------------------------------------------------    -------------------

                         (clock sys_clk_pin rise edge)
                                                      0.000     0.000 r  
    K17                                               0.000     0.000 r  sys_clk (IN)
                         net (fo=0)                   0.000     0.000    sys_clk
    K17                  IBUF (Prop_ibuf_I_O)         0.431     0.431 r  sys_clk_IBUF_inst/O
                         net (fo=1, routed)           0.907     1.338    sys_clk_IBUF
    BUFGCTRL_X0Y16       BUFG (Prop_bufg_I_O)         0.029     1.367 r  sys_clk_IBUF_BUFG_inst/O
                         net (fo=27, routed)          0.992     2.359    blinking_led_inst/sys_clk
    SLICE_X112Y111       FDRE                                         r  blinking_led_inst/led_control_proc.counter_reg[23]/C

Slack:                    inf
  Source:                 sw[0]
                            (input port)
  Destination:            blinking_led_inst/led_control_proc.counter_reg[24]/R
                            (rising edge-triggered cell FDRE clocked by sys_clk_pin  {rise@0.000ns fall@4.000ns period=8.000ns})
  Path Group:             (none)
  Path Type:              Hold (Min at Fast Process Corner)
  Data Path Delay:        0.917ns  (logic 0.281ns (30.583%)  route 0.637ns (69.417%))
  Logic Levels:           2  (IBUF=1 LUT5=1)
  Clock Path Skew:        2.357ns (DCD - SCD - CPR)
    Destination Clock Delay (DCD):    2.357ns
    Source Clock Delay      (SCD):    0.000ns
    Clock Pessimism Removal (CPR):    -0.000ns

    Location             Delay type                Incr(ns)  Path(ns)    Netlist Resource(s)
  -------------------------------------------------------------------    -------------------
    G15                                               0.000     0.000 r  sw[0] (IN)
                         net (fo=0)                   0.000     0.000    sw[0]
    G15                  IBUF (Prop_ibuf_I_O)         0.236     0.236 r  sw_IBUF[0]_inst/O
                         net (fo=3, routed)           0.445     0.681    blinking_led_inst/sw_IBUF[0]
    SLICE_X113Y110       LUT5 (Prop_lut5_I0_O)        0.045     0.726 r  blinking_led_inst/led_control_proc.counter[0]_i_1/O
                         net (fo=26, routed)          0.191     0.917    blinking_led_inst/led_control_proc.counter[0]_i_1_n_0
    SLICE_X112Y112       FDRE                                         r  blinking_led_inst/led_control_proc.counter_reg[24]/R
  -------------------------------------------------------------------    -------------------

                         (clock sys_clk_pin rise edge)
                                                      0.000     0.000 r  
    K17                                               0.000     0.000 r  sys_clk (IN)
                         net (fo=0)                   0.000     0.000    sys_clk
    K17                  IBUF (Prop_ibuf_I_O)         0.431     0.431 r  sys_clk_IBUF_inst/O
                         net (fo=1, routed)           0.907     1.338    sys_clk_IBUF
    BUFGCTRL_X0Y16       BUFG (Prop_bufg_I_O)         0.029     1.367 r  sys_clk_IBUF_BUFG_inst/O
                         net (fo=27, routed)          0.990     2.357    blinking_led_inst/sys_clk
    SLICE_X112Y112       FDRE                                         r  blinking_led_inst/led_control_proc.counter_reg[24]/C

Slack:                    inf
  Source:                 sw[0]
                            (input port)
  Destination:            blinking_led_inst/led_control_proc.counter_reg[25]/R
                            (rising edge-triggered cell FDRE clocked by sys_clk_pin  {rise@0.000ns fall@4.000ns period=8.000ns})
  Path Group:             (none)
  Path Type:              Hold (Min at Fast Process Corner)
  Data Path Delay:        0.917ns  (logic 0.281ns (30.583%)  route 0.637ns (69.417%))
  Logic Levels:           2  (IBUF=1 LUT5=1)
  Clock Path Skew:        2.357ns (DCD - SCD - CPR)
    Destination Clock Delay (DCD):    2.357ns
    Source Clock Delay      (SCD):    0.000ns
    Clock Pessimism Removal (CPR):    -0.000ns

    Location             Delay type                Incr(ns)  Path(ns)    Netlist Resource(s)
  -------------------------------------------------------------------    -------------------
    G15                                               0.000     0.000 r  sw[0] (IN)
                         net (fo=0)                   0.000     0.000    sw[0]
    G15                  IBUF (Prop_ibuf_I_O)         0.236     0.236 r  sw_IBUF[0]_inst/O
                         net (fo=3, routed)           0.445     0.681    blinking_led_inst/sw_IBUF[0]
    SLICE_X113Y110       LUT5 (Prop_lut5_I0_O)        0.045     0.726 r  blinking_led_inst/led_control_proc.counter[0]_i_1/O
                         net (fo=26, routed)          0.191     0.917    blinking_led_inst/led_control_proc.counter[0]_i_1_n_0
    SLICE_X112Y112       FDRE                                         r  blinking_led_inst/led_control_proc.counter_reg[25]/R
  -------------------------------------------------------------------    -------------------

                         (clock sys_clk_pin rise edge)
                                                      0.000     0.000 r  
    K17                                               0.000     0.000 r  sys_clk (IN)
                         net (fo=0)                   0.000     0.000    sys_clk
    K17                  IBUF (Prop_ibuf_I_O)         0.431     0.431 r  sys_clk_IBUF_inst/O
                         net (fo=1, routed)           0.907     1.338    sys_clk_IBUF
    BUFGCTRL_X0Y16       BUFG (Prop_bufg_I_O)         0.029     1.367 r  sys_clk_IBUF_BUFG_inst/O
                         net (fo=27, routed)          0.990     2.357    blinking_led_inst/sys_clk
    SLICE_X112Y112       FDRE                                         r  blinking_led_inst/led_control_proc.counter_reg[25]/C

Slack:                    inf
  Source:                 sw[0]
                            (input port)
  Destination:            blinking_led_inst/led_control_proc.counter_reg[10]/R
                            (rising edge-triggered cell FDRE clocked by sys_clk_pin  {rise@0.000ns fall@4.000ns period=8.000ns})
  Path Group:             (none)
  Path Type:              Hold (Min at Fast Process Corner)
  Data Path Delay:        0.937ns  (logic 0.281ns (29.932%)  route 0.657ns (70.068%))
  Logic Levels:           2  (IBUF=1 LUT5=1)
  Clock Path Skew:        2.360ns (DCD - SCD - CPR)
    Destination Clock Delay (DCD):    2.360ns
    Source Clock Delay      (SCD):    0.000ns
    Clock Pessimism Removal (CPR):    -0.000ns

    Location             Delay type                Incr(ns)  Path(ns)    Netlist Resource(s)
  -------------------------------------------------------------------    -------------------
    G15                                               0.000     0.000 r  sw[0] (IN)
                         net (fo=0)                   0.000     0.000    sw[0]
    G15                  IBUF (Prop_ibuf_I_O)         0.236     0.236 r  sw_IBUF[0]_inst/O
                         net (fo=3, routed)           0.445     0.681    blinking_led_inst/sw_IBUF[0]
    SLICE_X113Y110       LUT5 (Prop_lut5_I0_O)        0.045     0.726 r  blinking_led_inst/led_control_proc.counter[0]_i_1/O
                         net (fo=26, routed)          0.211     0.937    blinking_led_inst/led_control_proc.counter[0]_i_1_n_0
    SLICE_X112Y108       FDRE                                         r  blinking_led_inst/led_control_proc.counter_reg[10]/R
  -------------------------------------------------------------------    -------------------

                         (clock sys_clk_pin rise edge)
                                                      0.000     0.000 r  
    K17                                               0.000     0.000 r  sys_clk (IN)
                         net (fo=0)                   0.000     0.000    sys_clk
    K17                  IBUF (Prop_ibuf_I_O)         0.431     0.431 r  sys_clk_IBUF_inst/O
                         net (fo=1, routed)           0.907     1.338    sys_clk_IBUF
    BUFGCTRL_X0Y16       BUFG (Prop_bufg_I_O)         0.029     1.367 r  sys_clk_IBUF_BUFG_inst/O
                         net (fo=27, routed)          0.993     2.360    blinking_led_inst/sys_clk
    SLICE_X112Y108       FDRE                                         r  blinking_led_inst/led_control_proc.counter_reg[10]/C

Slack:                    inf
  Source:                 sw[0]
                            (input port)
  Destination:            blinking_led_inst/led_control_proc.counter_reg[11]/R
                            (rising edge-triggered cell FDRE clocked by sys_clk_pin  {rise@0.000ns fall@4.000ns period=8.000ns})
  Path Group:             (none)
  Path Type:              Hold (Min at Fast Process Corner)
  Data Path Delay:        0.937ns  (logic 0.281ns (29.932%)  route 0.657ns (70.068%))
  Logic Levels:           2  (IBUF=1 LUT5=1)
  Clock Path Skew:        2.360ns (DCD - SCD - CPR)
    Destination Clock Delay (DCD):    2.360ns
    Source Clock Delay      (SCD):    0.000ns
    Clock Pessimism Removal (CPR):    -0.000ns

    Location             Delay type                Incr(ns)  Path(ns)    Netlist Resource(s)
  -------------------------------------------------------------------    -------------------
    G15                                               0.000     0.000 r  sw[0] (IN)
                         net (fo=0)                   0.000     0.000    sw[0]
    G15                  IBUF (Prop_ibuf_I_O)         0.236     0.236 r  sw_IBUF[0]_inst/O
                         net (fo=3, routed)           0.445     0.681    blinking_led_inst/sw_IBUF[0]
    SLICE_X113Y110       LUT5 (Prop_lut5_I0_O)        0.045     0.726 r  blinking_led_inst/led_control_proc.counter[0]_i_1/O
                         net (fo=26, routed)          0.211     0.937    blinking_led_inst/led_control_proc.counter[0]_i_1_n_0
    SLICE_X112Y108       FDRE                                         r  blinking_led_inst/led_control_proc.counter_reg[11]/R
  -------------------------------------------------------------------    -------------------

                         (clock sys_clk_pin rise edge)
                                                      0.000     0.000 r  
    K17                                               0.000     0.000 r  sys_clk (IN)
                         net (fo=0)                   0.000     0.000    sys_clk
    K17                  IBUF (Prop_ibuf_I_O)         0.431     0.431 r  sys_clk_IBUF_inst/O
                         net (fo=1, routed)           0.907     1.338    sys_clk_IBUF
    BUFGCTRL_X0Y16       BUFG (Prop_bufg_I_O)         0.029     1.367 r  sys_clk_IBUF_BUFG_inst/O
                         net (fo=27, routed)          0.993     2.360    blinking_led_inst/sys_clk
    SLICE_X112Y108       FDRE                                         r  blinking_led_inst/led_control_proc.counter_reg[11]/C

Slack:                    inf
  Source:                 sw[0]
                            (input port)
  Destination:            blinking_led_inst/led_control_proc.counter_reg[8]/R
                            (rising edge-triggered cell FDRE clocked by sys_clk_pin  {rise@0.000ns fall@4.000ns period=8.000ns})
  Path Group:             (none)
  Path Type:              Hold (Min at Fast Process Corner)
  Data Path Delay:        0.937ns  (logic 0.281ns (29.932%)  route 0.657ns (70.068%))
  Logic Levels:           2  (IBUF=1 LUT5=1)
  Clock Path Skew:        2.360ns (DCD - SCD - CPR)
    Destination Clock Delay (DCD):    2.360ns
    Source Clock Delay      (SCD):    0.000ns
    Clock Pessimism Removal (CPR):    -0.000ns

    Location             Delay type                Incr(ns)  Path(ns)    Netlist Resource(s)
  -------------------------------------------------------------------    -------------------
    G15                                               0.000     0.000 r  sw[0] (IN)
                         net (fo=0)                   0.000     0.000    sw[0]
    G15                  IBUF (Prop_ibuf_I_O)         0.236     0.236 r  sw_IBUF[0]_inst/O
                         net (fo=3, routed)           0.445     0.681    blinking_led_inst/sw_IBUF[0]
    SLICE_X113Y110       LUT5 (Prop_lut5_I0_O)        0.045     0.726 r  blinking_led_inst/led_control_proc.counter[0]_i_1/O
                         net (fo=26, routed)          0.211     0.937    blinking_led_inst/led_control_proc.counter[0]_i_1_n_0
    SLICE_X112Y108       FDRE                                         r  blinking_led_inst/led_control_proc.counter_reg[8]/R
  -------------------------------------------------------------------    -------------------

                         (clock sys_clk_pin rise edge)
                                                      0.000     0.000 r  
    K17                                               0.000     0.000 r  sys_clk (IN)
                         net (fo=0)                   0.000     0.000    sys_clk
    K17                  IBUF (Prop_ibuf_I_O)         0.431     0.431 r  sys_clk_IBUF_inst/O
                         net (fo=1, routed)           0.907     1.338    sys_clk_IBUF
    BUFGCTRL_X0Y16       BUFG (Prop_bufg_I_O)         0.029     1.367 r  sys_clk_IBUF_BUFG_inst/O
                         net (fo=27, routed)          0.993     2.360    blinking_led_inst/sys_clk
    SLICE_X112Y108       FDRE                                         r  blinking_led_inst/led_control_proc.counter_reg[8]/C





